"rg_CH4_MBW","strategy","dCH4","dMBW"
-0.033,"Ratio CH4/MBW",-0.841852048064167,1.01206562017619
-0.033,"Residual methane",-1.09332684415089,0.396439320046321
-0.033,"CH4 goal, MBW held at 0",-1.0946104526041,-6.33914456727453e-18
0.2,"Ratio CH4/MBW",-0.684599755994704,0.801471014979365
0.2,"Residual methane",-1.03487512811256,0.133312148668984
0.2,"CH4 goal, MBW held at 0",-1.06873416422858,2.59705140385991e-17
0.4,"Ratio CH4/MBW",-0.603075794759213,0.538626092457182
0.4,"Residual methane",-1.00811711903515,-0.121183177933065
0.4,"CH4 goal, MBW held at 0",-0.951675569982016,-1.74989732789842e-16
0.6,"Ratio CH4/MBW",-0.65799064968617,0.105151360679799
0.6,"Residual methane",-1.04111959560525,-0.446285352223166
0.6,"CH4 goal, MBW held at 0",-0.740904981742888,1.49846883471278e-16
0.69173866901343,"Ratio CH4/MBW",-0.787790150406704,-0.209393008452695
0.69173866901343,"Residual methane",-1.1018739662739,-0.640539616679119
0.69173866901343,"CH4 goal, MBW held at 0",-0.610636586815969,-9.09070180689772e-17
0.8,"Ratio CH4/MBW",-1.08254796263139,-0.714579490030878
0.8,"Residual methane",-1.24199369385388,-0.9230469303708
0.8,"CH4 goal, MBW held at 0",-0.427804706538123,2.59516318464398e-16
