"beta","dCH4","dMBW","dCO2","in_region"
0,-1.33580284554871,-1.19879224772184,-96.083703819943,FALSE
0.005,-1.33579926089521,-1.19736160139208,-95.9686568805876,FALSE
0.01,-1.33578837697303,-1.1959115016192,-95.8520473043663,FALSE
0.015,-1.33576999511892,-1.19444161831043,-95.7338485937879,FALSE
0.02,-1.33574391160555,-1.19295161493656,-95.614033734974,FALSE
0.025,-1.33570991750976,-1.19144114839857,-95.4925751869663,FALSE
0.03,-1.33566779857748,-1.18990986889168,-95.3694448708255,FALSE
0.035,-1.33561733508503,-1.1883574197668,-95.2446141585215,FALSE
0.04,-1.33555830169699,-1.18678343738927,-95.1180538616104,FALSE
0.045,-1.33549046732037,-1.18518755099502,-94.9897342196991,FALSE
0.05,-1.33541359495502,-1.18356938254396,-94.8596248886934,FALSE
0.055,-1.33532744154032,-1.18192854657069,-94.7276949288287,FALSE
0.06,-1.33523175779791,-1.18026465003248,-94.5939127924816,FALSE
0.065,-1.33512628807044,-1.17857729215446,-94.4582463117613,FALSE
0.07,-1.33501077015635,-1.1768660642721,-94.3206626858789,FALSE
0.075,-1.3348849351404,-1.17513054967084,-94.1811284682951,FALSE
0.08,-1.33474850722005,-1.173370323423,-94.0396095536428,FALSE
0.085,-1.3346012035275,-1.17158495222185,-93.8960711644283,FALSE
0.09,-1.33444273394735,-1.16977399421289,-93.7504778375065,FALSE
0.095,-1.33427280092978,-1.16793699882235,-93.6027934103339,FALSE
0.1,-1.33409109929916,-1.16607350658287,-93.4529810069973,FALSE
0.105,-1.33389731605805,-1.16418304895646,-93.3010030240211,FALSE
0.11,-1.33369113018642,-1.16226514815463,-93.1468211159526,FALSE
0.115,-1.33347221243612,-1.16031931695581,-92.9903961807286,FALSE
0.12,-1.33324022512044,-1.15834505852004,-92.8316883448244,FALSE
0.125,-1.33299482189872,-1.15634186620103,-92.6706569481886,FALSE
0.13,-1.33273564755589,-1.15430922335549,-92.5072605289659,FALSE
0.135,-1.33246233777696,-1.15224660314992,-92.3414568080129,FALSE
0.14,-1.3321745189163,-1.15015346836486,-92.17320267321,FALSE
0.145,-1.33187180776162,-1.1480292711966,-92.0024541635758,FALSE
0.15,-1.33155381129275,-1.14587345305658,-91.8291664531884,FALSE
0.155,-1.33122012643493,-1.14368544436836,-91.6532938349207,FALSE
0.16,-1.33087033980679,-1.14146466436242,-91.4747897039971,FALSE
0.165,-1.33050402746273,-1.13921052086876,-91.2936065413796,FALSE
0.17,-1.33012075462986,-1.13692241010756,-91.1096958969923,FALSE
0.175,-1.32972007543938,-1.13459971647785,-90.9230083727941,FALSE
0.18,-1.32930153265229,-1.13224181234448,-90.733493605711,FALSE
0.185,-1.32886465737959,-1.12984805782343,-90.5411002504406,FALSE
0.19,-1.32840896879673,-1.1274178005657,-90.3457759621401,FALSE
0.195,-1.32793397385246,-1.12495037553997,-90.1474673790161,FALSE
0.2,-1.3274391669721,-1.12244510481407,-89.9461201048275,FALSE
0.205,-1.32692402975504,-1.11990129733575,-89.7416786913229,FALSE
0.21,-1.32638803066675,-1.11731824871274,-89.5340866206285,FALSE
0.215,-1.32583062472518,-1.11469524099244,-89.3232862876083,FALSE
0.22,-1.32525125318157,-1.11203154244157,-89.1092189822183,FALSE
0.225,-1.32464934319588,-1.10932640732596,-88.8918248718782,FALSE
0.23,-1.32402430750681,-1.10657907569093,-88.6710429838864,FALSE
0.235,-1.3233755440965,-1.10378877314251,-88.4468111879065,FALSE
0.24,-1.32270243585008,-1.10095471062984,-88.2190661785535,FALSE
0.245,-1.3220043502102,-1.09807608422931,-87.9877434581136,FALSE
0.25,-1.32128063882661,-1.09515207493068,-87.7527773194303,FALSE
0.255,-1.32053063720109,-1.09218184842575,-87.5141008289937,FALSE
0.26,-1.31975366432784,-1.08916455489998,-87.2716458102734,FALSE
0.265,-1.31894902232958,-1.08609932882777,-87.0253428273341,FALSE
0.27,-1.31811599608965,-1.08298528877164,-86.7751211687826,FALSE
0.275,-1.31725385288036,-1.07982153718621,-86.5209088320898,FALSE
0.28,-1.31636184198785,-1.07660716022747,-86.262632508342,FALSE
0.285,-1.315439194334,-1.073341227568,-86.0002175674728,FALSE
0.29,-1.31448512209551,-1.07002279221892,-85.7335880440345,FALSE
0.295,-1.31349881832082,-1.06665089035926,-85.4626666235708,FALSE
0.3,-1.31247945654511,-1.06322454117364,-85.1873746296532,FALSE
0.305,-1.31142619040415,-1.05974274669902,-84.9076320116521,FALSE
0.31,-1.31033815324726,-1.05620449168158,-84.6233573333139,FALSE
0.315,-1.30921445775018,-1.0526087434444,-84.3344677622226,FALSE
0.32,-1.3080541955285,-1.04895445176737,-84.0408790602246,FALSE
0.325,-1.30685643675221,-1.04524054877998,-83.7425055749062,FALSE
0.33,-1.30562022976227,-1.0414659488684,-83.4392602322114,FALSE
0.335,-1.30434460068996,-1.03762954859796,-83.1310545302971,FALSE
0.34,-1.30302855307994,-1.03373022665224,-82.8177985347264,FALSE
0.345,-1.30167106751791,-1.02976684379013,-82.4994008751056,FALSE
0.35,-1.30027110126393,-1.0257382428223,-82.1757687432761,FALSE
0.355,-1.29882758789248,-1.02164324860839,-81.8468078931787,FALSE
0.36,-1.29733943694049,-1.01748066807662,-81.5124226425121,FALSE
0.365,-1.29580553356446,-1.01324929026734,-81.1725158763156,FALSE
0.37,-1.29422473820813,-1.00894788640212,-80.826989052609,FALSE
0.375,-1.29259588628209,-1.00457520998032,-80.4757422102307,FALSE
0.38,-1.29091778785681,-1.00012999690479,-80.1186739790226,FALSE
0.385,-1.2891892273707,-0.995610965638755,-79.7556815925123,FALSE
0.39,-1.28740896335496,-0.991016817395733,-79.3866609032553,FALSE
0.395,-1.28557572817693,-0.986346236364695,-79.0115064010008,FALSE
0.4,-1.28368822780401,-0.98159788997254,-78.6301112338555,FALSE
0.405,-1.28174514158996,-0.97677042918614,-78.242367232625,FALSE
0.41,-1.27974512208591,-0.97186248885628,-77.8481649385169,FALSE
0.415,-1.27768679487814,-0.966872688105882,-77.447393634399,FALSE
0.42,-1.27556875845523,-0.961799630764996,-77.0399413798122,FALSE
0.425,-1.27338958410679,-0.956641905855111,-76.6256950499409,FALSE
0.43,-1.27114781585658,-0.951398088125419,-76.2045403787537,FALSE
0.435,-1.26884197043267,-0.946066738643739,-75.7763620065306,FALSE
0.44,-1.26647053727747,-0.940646405444871,-75.3410435319991,FALSE
0.445,-1.26403197860069,-0.935135624239229,-74.8984675693077,FALSE
0.45,-1.26152472947825,-0.929532919184646,-74.4485158100674,FALSE
0.455,-1.25894719800041,-0.923836803724313,-73.9910690907019,FALSE
0.46,-1.25629776547254,-0.918045781493856,-73.5260074653424,FALSE
0.465,-1.25357478667186,-0.912158347300595,-73.0532102845158,FALSE
0.47,-1.2507765901639,-0.906172988178063,-72.5725562798699,FALSE
0.475,-1.24790147868237,-0.900088184518885,-72.0839236551846,FALSE
0.48,-1.24494772957619,-0.893902411289126,-71.5871901839192,FALSE
0.485,-1.24191359532777,-0.88761413932721,-71.0822333135434,FALSE
0.49,-1.23879730414641,-0.881221836730517,-70.5689302769006,FALSE
0.495,-1.23559706064114,-0.874723970332704,-70.0471582108487,FALSE
0.5,-1.23231104657706,-0.86811900727477,-69.5167942824193,FALSE
0.505,-1.22893742171959,-0.861405416672818,-68.9777158227312,FALSE
0.51,-1.22547432477094,-0.854581671385367,-68.4298004688887,FALSE
0.515,-1.22191987440314,-0.847646249882979,-67.8729263140835,FALSE
0.52,-1.21827217039223,-0.84059763822282,-67.3069720661117,FALSE
0.525,-1.2145292948578,-0.833434332130624,-66.7318172145015,FALSE
0.53,-1.21068931361254,-0.826154839192355,-66.1473422064377,FALSE
0.535,-1.20675027762605,-0.818757681157628,-65.5534286316446,FALSE
0.54,-1.20271022460733,-0.811241396356739,-64.9499594163785,FALSE
0.545,-1.19856718071014,-0.803604542232863,-64.3368190266497,FALSE
0.55,-1.19431916236545,-0.795845697990664,-63.7138936807782,FALSE
0.555,-1.18996417824487,-0.787963467362241,-63.0810715713519,FALSE
0.56,-1.18550023135898,-0.779956481490935,-62.4382430966322,FALSE
0.565,-1.18092532129413,-0.771823401933115,-61.7853011014123,FALSE
0.57,-1.17623744659099,-0.763562923777596,-61.1221411273028,FALSE
0.575,-1.17143460726801,-0.755173778881856,-60.4486616723739,FALSE
0.58,-1.16651480749235,-0.746654739223647,-59.764764460043,FALSE
0.585,-1.1614760584008,-0.738004620366063,-59.0703547170498,FALSE
0.59,-1.15631638107233,-0.729222285033452,-58.3653414603089,FALSE
0.595,-1.15103380965384,-0.72030664679492,-57.6496377923783,FALSE
0.6,-1.14562639463994,-0.711256673851457,-56.923161205223,FALSE
0.605,-1.14009220630691,-0.702071392921951,-56.1858338918961,FALSE
0.61,-1.13442933830061,-0.692749893222589,-55.4375830656901,FALSE
0.615,-1.12863591137711,-0.683291330533271,-54.6783412862522,FALSE
0.62,-1.12271007729434,-0.673694931343839,-53.908046792079,FALSE
0.625,-1.1166500228519,-0.663959997071981,-53.1266438387419,FALSE
0.63,-1.11045397407574,-0.654085908343761,-52.3340830421125,FALSE
0.635,-1.10412020054299,-0.644072129326743,-51.5303217257852,FALSE
0.64,-1.09764701984173,-0.633918212104727,-50.715324271813,FALSE
0.645,-1.09103280215911,-0.623623801082078,-49.8890624737925,FALSE
0.65,-1.08427597499028,-0.61318863740464,-49.0515158912546,FALSE
0.655,-1.07737502795958,-0.602612563383227,-48.2026722042342,FALSE
0.66,-1.07032851774403,-0.591895526904639,-47.3425275668132,FALSE
0.665,-1.06313507308832,-0.581037585814185,-46.4710869583504,FALSE
0.67,-1.05579339989885,-0.570038912252715,-45.5883645310338,FALSE
0.675,-1.04830228640367,-0.558899796930211,-44.6943839523154,FALSE
0.68,-1.04066060836339,-0.54762065331709,-43.7891787407174,FALSE
0.685,-1.0328673343173,-0.536202021733534,-42.8727925934284,FALSE
0.69,-1.02492153084759,-0.524644573316365,-41.9452797040487,FALSE
0.695,-1.01682236784317,-0.512949113842284,-41.0067050687846,FALSE
0.7,-1.00856912374369,-0.501116587385667,-40.0571447793432,FALSE
0.705,-1.00016119074318,-0.489148079788602,-39.0966863007383,FALSE
0.71,-0.991598079931369,-0.477044821920446,-38.1254287321839,FALSE
0.715,-0.982879426350251,-0.464808192703886,-37.1434830492325,FALSE
0.72,-0.974004993942084,-0.452439721884369,-36.1509723253006,FALSE
0.725,-0.964974680364502,-0.439941092519757,-35.1480319307281,FALSE
0.73,-0.955788521647609,-0.42731414316723,-34.1348097075297,FALSE
0.735,-0.946446696667396,-0.414560869744824,-33.1114661180234,FALSE
0.74,-0.936949531409403,-0.40168342704545,-32.0781743655655,FALSE
0.745,-0.927297502996307,-0.388684129882017,-31.0351204856744,FALSE
0.75,-0.917491243453029,-0.375565453843109,-29.9825034059003,FALSE
0.755,-0.907531543183045,-0.362330035639799,-28.9205349728842,FALSE
0.76,-0.897419354129923,-0.348980673025463,-27.8494399451543,FALSE
0.765,-0.887155792598547,-0.335520324271947,-26.7694559503269,FALSE
0.77,-0.876742141711275,-0.321952107187124,-25.680833405515,FALSE
0.775,-0.866179853475159,-0.308279297660786,-24.5838353998994,FALSE
0.78,-0.855470550437522,-0.294505327727845,-23.478737538583,FALSE
0.785,-0.844616026908571,-0.280633783140119,-22.365827747029,FALSE
0.79,-0.833618249731313,-0.266668400440339,-21.2454060355788,FALSE
0.795,-0.822479358580855,-0.252613063534632,-20.1177842237511,FALSE
0.8,-0.811201665777186,-0.238471799762397,-18.9832856242392,FALSE
0.805,-0.799787655597786,-0.224248775465335,-17.8422446867509,FALSE
0.81,-0.788239983078782,-0.209948291060291,-16.6950066020702,FALSE
0.815,-0.776561472295994,-0.195574775623554,-15.5419268669549,FALSE
0.82,-0.764755114119939,-0.181132780997288,-14.383370810732,FALSE
0.825,-0.752824063441721,-0.166626975431805,-13.2197130846936,FALSE
0.83,-0.740771635869758,-0.152062136780418,-12.0513371156386,FALSE
0.835,-0.728601303900342,-0.13744314526662,-10.8786345251488,FALSE
0.84,-0.716316692568169,-0.122774975846222,-9.70200451641636,FALSE
0.845,-0.703921574586159,-0.108062690189932,-8.52185323067112,FALSE
0.85,-0.691419864987014,-0.0933114283145104,-7.33859307546622,FALSE
0.855,-0.678815615282138,-0.0785263998931777,-6.15264202728593,FALSE
0.86,-0.666113007156594,-0.0637128752782903,-4.96442291112549,FALSE
0.865,-0.65331634572176,-0.0488761762713887,-3.77436265986148,FALSE
0.87,-0.640430052350207,-0.0340216666776384,-2.58289155638342,FALSE
0.875,-0.627458657120024,-0.0191547426832754,-1.39044246158547,FALSE
0.88,-0.614406790898351,-0.00428082309601227,-0.197450031423876,FALSE
0.885,-0.601279177096184,0.0105946605105893,0.995650073669579,TRUE
0.89,-0.58808062312861,0.0254662737070552,2.18842198367116,TRUE
0.895,-0.574816011616458,0.040328589130096,3.3804304147649,TRUE
0.9,-0.561490291366911,0.0551761963746225,4.57124146267049,TRUE
0.905,-0.548108468171895,0.0700037118136737,5.76042339013035,TRUE
0.91,-0.534675595464036,0.0848057883047979,6.94754740523208,TRUE
0.915,-0.521196764870622,0.0995771247422884,8.13218842731012,TRUE
0.92,-0.507677096706375,0.114312475415859,9.31392583726779,TRUE
0.925,-0.494121730445862,0.129006659137781,10.4923442092746,TRUE
0.93,-0.480535815216099,0.143654568102253,11.6670340209355,TRUE
0.935,-0.466924500349315,0.158251176442745,12.8375923391872,TRUE
0.94,-0.453292926034986,0.17279154845529,14.0036234793534,TRUE
0.945,-0.439646214109069,0.187270846458079,15.1647396349872,TRUE
0.95,-0.425989459016946,0.201684338260356,16.3205614763351,TRUE
0.955,-0.412327718984955,0.216027404216303,17.4707187154776,TRUE
0.96,-0.398666007433444,0.230295543842522,18.6148506364332,TRUE
0.965,-0.385009284662232,0.24448438198061,19.7526065887456,TRUE
0.97,-0.371362449837067,0.258589674489399,20.88364644332,TRUE
0.975,-0.35773033330329,0.272607313454412,22.0076410095134,TRUE
0.98,-0.344117689250332,0.286533331905175,23.1242724127327,TRUE
0.985,-0.330529188748097,0.300363908033995,24.2332344320309,TRUE
0.99,-0.316969413173533,0.314095368912802,25.3342327974319,TRUE
0.995,-0.30344284804301,0.327724193707493,26.426985446945,TRUE
1,-0.289953877263333,0.341247016392038,27.5112227434492,TRUE
1.005,-0.276506777811529,0.354660627967183,28.5866876518434,TRUE
1.01,-0.263105714850822,0.367961978191165,29.6531358770582,TRUE
1.015,-0.249754737287577,0.381148176832159,30.7103359637109,TRUE
1.02,-0.236457773771476,0.394216494454338,31.7580693583632,TRUE
1.025,-0.223218629138672,0.40716436275148,32.796130435498,TRUE
1.03,-0.210040981295397,0.419989374443778,33.8243264884774,TRUE
1.035,-0.19692837853725,0.432689282755192,34.842477686872,TRUE
1.04,-0.183884237297327,0.445262000490023,35.8504170016645,TRUE
1.045,-0.170911840314468,0.457705598728653,36.8479900999273,TRUE
1.05,-0.158014335211117,0.470018305163354,37.8350552106545,TRUE
1.055,-0.145194733468725,0.48219850209591,38.8114829634924,TRUE
1.06,-0.132455909787173,0.494244724119427,39.7771562021652,TRUE
1.065,-0.119800601813495,0.506155655507099,40.7319697744237,TRUE
1.07,-0.107231410224055,0.51793012733102,41.6758303003693,TRUE
1.075,-0.0947507991434371,0.529567114334198,42.6086559210119,TRUE
1.08,-0.08236109688256,0.541065731578857,43.5303760289138,TRUE
1.085,-0.0700644969779477,0.552425230893948,44.4409309827592,TRUE
1.09,-0.0578630595136142,0.563644997144435,45.3402718076579,TRUE
1.095,-0.0457587127067778,0.574724544344454,46.2283598829577,TRUE
1.1,-0.0337532547384095,0.585663511635921,47.1051666192947,TRUE
1.105,-0.0218483558096387,0.596461659153453,47.9706731265558,TRUE
1.11,-0.0100455604050955,0.607118863795785,48.8248698743704,TRUE
1.115,0.00165371025551149,0.617635114922998,49.6677563466822,FALSE
1.12,0.0132481555960091,0.628010509998042,50.4993406918809,FALSE
1.125,0.0247365929105694,0.638245250190097,51.3196393699018,FALSE
1.13,0.0361179544563012,0.64833963595636,52.128676797623,FALSE
1.135,0.0473912844286338,0.658294062617875,52.9264849938107,FALSE
1.14,0.0585557358359317,0.668109015943998,53.7131032247833,FALSE
1.145,0.0696105672891321,0.6777850677591,54.4885776518849,FALSE
1.15,0.0805551397215083,0.687322871584095,55.252960981774,FALSE
1.155,0.0913889130529345,0.696723158324338,56.006312120457,FALSE
1.16,0.102111442812311,0.70598673201452,56.7486958319132,FALSE
1.165,0.11272237673101,0.715114465630133,57.4801824020808,FALSE
1.17,0.123221451319455,0.72410729697418,58.2008473088978,FALSE
1.175,0.13360848843817,0.732966224646862,58.9107708990172,FALSE
1.18,0.143883391873837,0.74169230410509,59.610038071744,FALSE
1.185,0.15404614393015,0.750286643817819,60.2987379706745,FALSE
1.19,0.164096802042484,0.758750401522368,60.9769636834512,FALSE
1.195,0.174035495424662,0.767084780586146,61.6448119499861,FALSE
1.2,0.183862421755355,0.775291026477429,62.3023828794435,FALSE
1.205,0.193577843910987,0.78337042334817,62.9497796762225,FALSE
1.21,0.203182086751264,0.79132429073116,63.5871083751213,FALSE
1.215,0.212675533962886,0.799153980353254,64.2144775858215,FALSE
1.22,0.222058624966281,0.806860873065807,64.8319982467832,FALSE
1.225,0.231331851889664,0.814446375892953,65.439783388601,FALSE
1.23,0.24049575661412,0.821911919197862,66.0379479068285,FALSE
1.235,0.249550927892902,0.829258953966686,66.6266083442524,FALSE
1.24,0.258497998547592,0.836488949209492,67.2058826825525,FALSE
1.245,0.267337642743326,0.843603389477124,67.7758901432681,FALSE
1.25,0.276070573344823,0.850603772492598,68.3367509979541,FALSE
1.255,0.28469753935456,0.857491606895357,68.8885863873935,FALSE
1.26,0.293219323434012,0.864268410096439,69.4315181497097,FALSE
1.265,0.301636739508574,0.870935706242392,69.9656686572035,FALSE
1.27,0.309950630456409,0.877495024285563,70.4911606617239,FALSE
1.275,0.318161865881185,0.883947896158227,71.0081171483707,FALSE
1.28,0.326271339968394,0.890295855047876,71.5166611973107,FALSE
1.285,0.334279969424685,0.896540433770853,72.0169158534829,FALSE
1.29,0.342188691499433,0.902683163241442,72.5090040039613,FALSE
1.295,0.34999846208755,0.908725571033428,72.9930482627327,FALSE
1.3,0.357710253912381,0.91466918003109,73.4691708626491,FALSE
1.305,0.36532505478735,0.920515507166559,73.9374935543048,FALSE
1.31,0.372843865954908,0.926266062240431,74.3981375115917,FALSE
1.315,0.380267700501176,0.931922346822523,74.8512232436799,FALSE
1.32,0.387597581844623,0.937485853229682,75.2968705131781,FALSE
1.325,0.39483454229698,0.942958063577537,75.7351982602219,FALSE
1.33,0.401979621694544,0.948340448903133,76.166324532247,FALSE
1.335,0.409033866097971,0.953634468355434,76.5903664192017,FALSE
1.34,0.415998326558599,0.958841568450688,77.0074399939611,FALSE
1.345,0.422874057949292,0.963963182389726,77.4176602577062,FALSE
1.35,0.429662117857815,0.969000729434334,77.8211410900376,FALSE
1.355,0.43636356554068,0.973955614339864,78.2179952035984,FALSE
1.36,0.442979460935439,0.978829226841343,78.6083341029848,FALSE
1.365,0.449510863729379,0.983622941190421,78.992268047731,FALSE
1.37,0.455958832482595,0.98833811574053,79.3699060191593,FALSE
1.375,0.462324423803404,0.992976092577761,79.7413556908931,FALSE
1.38,0.468608691574145,0.997538197194994,80.1067234028364,FALSE
1.385,0.474812686225342,1.00202573820692,80.4661141384305,FALSE
1.39,0.48093745405634,1.00644000710369,80.8196315050052,FALSE
1.395,0.48698403660047,1.01078227804095,81.1673777170469,FALSE
1.4,0.4929534700329,1.01505380766421,81.5094535822144,FALSE
1.405,0.49884678461932,1.01925583496541,81.8459584899389,FALSE
1.41,0.504665004203691,1.02338958116986,82.1769904024511,FALSE
1.415,0.510409145733309,1.0274562496515,82.5026458480842,FALSE
1.42,0.516080218819481,1.03145702587491,82.8230199167102,FALSE
1.425,0.521679225332179,1.03539307736206,83.1382062571695,FALSE
1.43,0.527207159027045,1.03926555368247,83.4482970765635,FALSE
1.435,0.532665005203228,1.04307558646498,83.7533831412829,FALSE
1.44,0.538053740390515,1.04682428942964,84.0535537796533,FALSE
1.445,0.54337433206433,1.05051275843855,84.3488968860811,FALSE
1.45,0.548627738387177,1.05414207156385,84.639498926594,FALSE
1.455,0.553814907975193,1.05771328917204,84.925444945669,FALSE
1.46,0.558936779688473,1.06122745402304,85.2068185742527,FALSE
1.465,0.563994282443947,1.06468559138301,85.4837020388781,FALSE
1.47,0.568988335049574,1.0680887091498,85.7561761717907,FALSE
1.475,0.573919846058698,1.0714377979899,86.0243204219998,FALSE
1.48,0.578789713643445,1.07473383148604,86.288212867175,FALSE
1.485,0.583598825486107,1.07797776629438,86.5479302263137,FALSE
1.49,0.588348058687459,1.08117054231045,86.8035478731083,FALSE
1.495,0.593038279691052,1.08431308284302,87.0551398499459,FALSE
1.5,0.597670344222525,1.08740629479511,87.3027788824785,FALSE
1.505,0.602245097243038,1.09045106885137,87.5465363947029,FALSE
1.51,0.606763372915974,1.09344827967116,87.786482524495,FALSE
1.515,0.611225994586082,1.09639878608664,88.0226861395471,FALSE
1.52,0.615633774770276,1.09930343130536,88.2552148536566,FALSE
1.525,0.619987515159348,1.10216304311656,88.4841350433213,FALSE
1.53,0.62428800662988,1.10497843410089,88.7095118645983,FALSE
1.535,0.628536029265675,1.10775040184289,88.9314092701841,FALSE
1.54,0.632732352388067,1.11047972914571,89.14989002668,FALSE
1.545,0.636877734594492,1.11316718424784,89.3650157320057,FALSE
1.55,0.640972923804732,1.11581352104117,89.5768468329288,FALSE
1.555,0.645018657314293,1.11841947929024,89.7854426426787,FALSE
1.56,0.64901566185437,1.12098578485211,89.9908613586182,FALSE
1.565,0.65296465365792,1.12351314989671,90.1931600799423,FALSE
1.57,0.656866338531359,1.12600227312715,90.3923948253835,FALSE
1.575,0.660721411931429,1.12845383999995,90.5886205508985,FALSE
1.58,0.664530559046826,1.13086852294468,90.7818911673147,FALSE
1.585,0.668294454884179,1.13324698158295,90.9722595579189,FALSE
1.59,0.672013764357996,1.13558986294643,91.1597775959679,FALSE
1.595,0.675689142384225,1.13789780169371,91.3444961621059,FALSE
1.6,0.679321233977086,1.14017142032583,91.526465161673,FALSE
1.605,0.682910674348865,1.14241132940026,91.7057335418907,FALSE
1.61,0.686458089012343,1.14461812774327,91.8823493089119,FALSE
1.615,0.689964093885611,1.14679240266038,92.0563595447233,FALSE
1.62,0.693429295398969,1.14893473014494,92.2278104238904,FALSE
1.625,0.69685429060368,1.15104567508456,92.3967472301353,FALSE
1.63,0.700239667282335,1.15312579146544,92.5632143727382,FALSE
1.635,0.703586004060597,1.15517562257438,92.7272554027557,FALSE
1.64,0.706893870520133,1.15719570119836,92.8889130290483,FALSE
1.645,0.710163827312517,1.15918654982183,93.0482291341117,FALSE
1.65,0.713396426273943,1.16114868082132,93.2052447897061,FALSE
1.655,0.716592210540549,1.16308259665765,93.3600002722785,FALSE
1.66,0.719751714664221,1.16498879006537,93.5125350781753,FALSE
1.665,0.722875464728691,1.16686774423965,93.6628879386397,FALSE
1.67,0.725963978465829,1.16871993302039,93.8110968345931,FALSE
1.675,0.72901776537196,1.17054582107369,93.9571990111965,FALSE
1.68,0.732037326824107,1.17234586407051,94.1012309921906,FALSE
1.685,0.735023156196041,1.17412050886253,94.2432285940138,FALSE
1.69,0.737975738974024,1.17587019365531,94.3832269396956,FALSE
1.695,0.740895552872162,1.17759534817859,94.5212604725262,FALSE
1.7,0.743783067947264,1.17929639385384,94.6573629695009,FALSE
1.705,0.746638746713129,1.18097374395897,94.7915675545396,FALSE
1.71,0.749463044254181,1.18262780379027,94.9239067114827,FALSE
1.715,0.752256408338385,1.18425897082155,95.0544122968622,FALSE
1.72,0.755019279529371,1.18586763486058,95.1831155524503,FALSE
1.725,0.757752091297715,1.1874541782026,95.3100471175857,FALSE
1.73,0.760455270131311,1.18901897578128,95.4352370412802,FALSE
1.735,0.763129235644791,1.19056239531682,95.5587147941048,FALSE
1.74,0.765774400687951,1.19208479746139,95.6805092798598,FALSE
1.745,0.768391171453126,1.19358653594188,95.8006488470279,FALSE
1.75,0.770979947581495,1.19506795769997,95.9191613000151,FALSE
1.755,0.773541122268267,1.19652940302965,96.0360739101791,FALSE
1.76,0.776075082366731,1.19797120571199,96.1514134266488,FALSE
1.765,0.778582208491132,1.19939369314747,96.2652060869368,FALSE
1.77,0.781062875118358,1.20079718648571,96.3774776273481,FALSE
1.775,0.783517450688406,1.20218200075266,96.4882532931855,FALSE
1.78,0.785946297703627,1.20354844497533,96.5975578487572,FALSE
1.785,0.788349772826714,1.20489682230412,96.7054155871869,FALSE
1.79,0.79072822697744,1.20622743013264,96.8118503400301,FALSE
1.795,0.793082005428117,1.20754056021522,96.9168854866995,FALSE
1.8,0.79541144789778,1.20883649878205,97.0205439637019,FALSE
1.805,0.797716888645084,1.21011552665202,97.1228482736896,FALSE
1.81,0.799998656559916,1.21137791934328,97.2238204943293,FALSE
1.815,0.802257075253706,1.21262394718153,97.3234822869913,FALSE
1.82,0.804492463148449,1.21385387540619,97.4218549052621,FALSE
1.825,0.806705133564427,1.21506796427431,97.5189592032823,FALSE
1.83,0.808895394806649,1.21626646916239,97.6148156439152,FALSE
1.835,0.811063550249987,1.21744964066617,97.7094443067452,FALSE
1.84,0.813209898423039,1.21861772469821,97.8028648959133,FALSE
1.845,0.815334733090698,1.21977096258362,97.8950967477888,FALSE
1.85,0.81743834333546,1.2209095911537,97.9861588384825,FALSE
1.855,0.819521013637453,1.22203384283765,98.0760697912035,FALSE
1.86,0.821583023953209,1.22314394575238,98.164847883462,FALSE
1.865,0.823624649793191,1.22424012379045,98.2525110541222,FALSE
1.87,0.82564616229807,1.22532259670617,98.3390769103065,FALSE
1.875,0.827647828313775,1.22639158019984,98.4245627341555,FALSE
1.88,0.82962991046532,1.22744728600028,98.508985489445,FALSE
1.885,0.831592667229424,1.22848992194561,98.5923618280641,FALSE
1.89,0.833536353005928,1.2295196920623,98.6747080963563,FALSE
1.895,0.835461218188034,1.23053679664257,98.7560403413263,FALSE
1.9,0.837367509231363,1.23154143232016,98.8363743167158,FALSE
1.905,0.839255468721859,1.23253379214443,98.91572548895,FALSE
1.91,0.841125335442541,1.23351406565301,98.9941090429583,FALSE
1.915,0.842977344439129,1.23448243894278,99.071539887871,FALSE
1.92,0.844811727084541,1.23543909473943,99.1480326625951,FALSE
1.925,0.846628711142292,1.23638421246548,99.2236017412714,FALSE
1.93,0.848428520828802,1.2373179683069,99.2982612386149,FALSE
1.935,0.850211376874621,1.2382405352783,99.3720250151423,FALSE
1.94,0.851977496584598,1.23915208328667,99.4449066822868,FALSE
1.945,0.853727093897,1.24005277919387,99.5169196074052,FALSE
1.95,0.855460379441597,1.24094278687771,99.5880769186767,FALSE
1.955,0.857177560596731,1.24182226729171,99.6583915098982,FALSE
1.96,0.858878841545379,1.24269137852368,99.7278760451764,FALSE
1.965,0.860564423330231,1.24355027585293,99.7965429635206,FALSE
1.97,0.862234503907792,1.24439911180637,99.8644044833363,FALSE
1.975,0.863889278201522,1.2452380362133,99.9314726068236,FALSE
1.98,0.865528938154036,1.24606719625916,99.9977591242817,FALSE
1.985,0.867153672778375,1.24688673653799,100.063275618321,FALSE
1.99,0.868763668208359,1.24769679910391,100.128033467984,FALSE
1.995,0.870359107748037,1.24849752352139,100.192043852784,FALSE
2,0.871940171920259,1.2492890469145,100.255317756648,FALSE
2.005,0.873507038514372,1.25007150401511,100.317865971783,FALSE
2.01,0.875059882633053,1.25084502721006,100.37969910246,FALSE
2.015,0.876598876738311,1.25160974658731,100.440827568711,FALSE
2.02,0.87812419069665,1.25236578998111,100.501261609954,FALSE
2.025,0.879635991823421,1.25311328301623,100.561011288536,FALSE
2.03,0.881134444926373,1.25385234915124,100.620086493204,FALSE
2.035,0.882619712348412,1.25458310972083,100.678496942502,FALSE
2.04,0.884091954009592,1.2553056839773,100.736252188092,FALSE
2.045,0.885551327448342,1.25602018913114,100.793361618007,FALSE
2.05,0.886997987861942,1.25672674039072,100.84983445984,FALSE
2.055,0.888432088146274,1.25742545100116,100.905679783852,FALSE
2.06,0.889853778934839,1.25811643228242,100.960906506033,FALSE
2.065,0.891263208637077,1.25879979366648,101.015523391078,FALSE
2.07,0.892660523475977,1.25947564273389,101.069539055316,FALSE
2.075,0.894045867525023,1.26014408524936,101.122961969571,FALSE
2.08,0.895419382744445,1.26080522519676,101.175800461958,FALSE
2.085,0.896781209016827,1.2614591648133,101.228062720631,FALSE
2.09,0.898131484182061,1.26210600462301,101.279756796461,FALSE
2.095,0.899470344071666,1.26274584346951,101.330890605669,FALSE
2.1,0.900797922542482,1.2633787785481,101.381471932393,FALSE
2.105,0.902114351509753,1.2640049054372,101.431508431212,FALSE
2.11,0.903419760979601,1.26462431812904,101.481007629605,FALSE
2.115,0.904714279080923,1.26523710905985,101.52997693037,FALSE
2.12,0.905998032096691,1.26584336913929,101.578423613987,FALSE
2.125,0.907271144494697,1.26644318777934,101.626354840928,FALSE
2.13,0.908533738957731,1.26703665292255,101.673777653928,FALSE
2.135,0.909785936413213,1.26762385106975,101.7206989802,FALSE
2.14,0.911027856062288,1.2682048673071,101.767125633609,FALSE
2.145,0.912259615408388,1.26877978533266,101.813064316798,FALSE
2.15,0.913481330285286,1.26934868748238,101.858521623274,FALSE
2.155,0.914693114884625,1.26991165475556,101.903504039443,FALSE
2.16,0.915895081782967,1.27046876683972,101.948017946615,FALSE
2.165,0.917087341968332,1.27102010213507,101.992069622953,FALSE
2.17,0.918270004866277,1.27156573777839,102.035665245393,FALSE
2.175,0.919443178365486,1.27210574966644,102.078810891523,FALSE
2.18,0.920606968842904,1.2726402124789,102.121512541416,FALSE
2.185,0.921761481188424,1.27316919970083,102.163776079433,FALSE
2.19,0.922906818829112,1.27369278364466,102.205607295988,FALSE
2.195,0.924043083753014,1.27421103547178,102.247011889271,FALSE
2.2,0.925170376532518,1.27472402521357,102.287995466946,FALSE
2.205,0.926288796347304,1.27523182179218,102.328563547801,FALSE
2.21,0.927398441006881,1.27573449304072,102.368721563381,FALSE
2.215,0.928499406972715,1.27623210572311,102.408474859571,FALSE
2.22,0.929591789379966,1.27672472555358,102.447828698155,FALSE
2.225,0.930675682058824,1.27721241721563,102.486788258349,FALSE
2.23,0.931751177555477,1.27769524438079,102.525358638291,FALSE
2.235,0.932818367152694,1.27817326972684,102.563544856508,FALSE
2.24,0.933877340890043,1.27864655495574,102.601351853354,FALSE
2.245,0.934928187583747,1.27911516081122,102.638784492415,FALSE
2.25,0.935970994846189,1.27957914709595,102.675847561889,FALSE
2.255,0.937005849105064,1.28003857268841,102.712545775936,FALSE
2.26,0.938032835622197,1.28049349555942,102.748883776004,FALSE
2.265,0.939052038512022,1.28094397278833,102.784866132127,FALSE
2.27,0.94006354075973,1.28139006057886,102.820497344192,FALSE
2.275,0.941067424239107,1.28183181427472,102.855781843193,FALSE
2.28,0.942063769730043,1.28226928837477,102.890723992447,FALSE
2.285,0.943052656935736,1.28270253654801,102.92532808879,FALSE
2.29,0.944034164499598,1.28313161164822,102.959598363759,FALSE
2.295,0.945008370021856,1.28355656572831,102.993538984731,FALSE
2.3,0.94597535007586,1.28397745005439,103.027154056061,FALSE
2.305,0.946935180224112,1.28439431511954,103.060447620181,FALSE
2.31,0.947887935034002,1.2848072106574,103.093423658685,FALSE
2.315,0.948833688093282,1.28521618565534,103.126086093393,FALSE
2.32,0.949772512025255,1.28562128836751,103.158438787392,FALSE
2.325,0.950704478503709,1.28602256632759,103.190485546054,FALSE
2.33,0.951629658267582,1.28642006636126,103.222230118043,FALSE
2.335,0.952548121135381,1.28681383459842,103.253676196291,FALSE
2.34,0.953459936019339,1.28720391648529,103.284827418964,FALSE
2.345,0.954365170939335,1.28759035679611,103.315687370406,FALSE
2.35,0.955263893036567,1.2879731996447,103.346259582062,FALSE
2.355,0.956156168586989,1.28835248849583,103.376547533386,FALSE
2.36,0.957042063014519,1.28872826617629,103.406554652735,FALSE
2.365,0.957921640904012,1.28910057488578,103.436284318237,FALSE
2.37,0.958794966014018,1.28946945620764,103.46573985865,FALSE
2.375,0.959662101289308,1.28983495111927,103.494924554202,FALSE
2.38,0.960523108873203,1.29019710000244,103.52384163741,FALSE
2.385,0.96137805011967,1.29055594265337,103.552494293896,FALSE
2.39,0.962226985605227,1.29091151829263,103.580885663172,FALSE
2.395,0.963069975140637,1.29126386557479,103.60901883942,FALSE
2.4,0.963907077782401,1.29161302259801,103.636896872256,FALSE
2.405,0.964738351844063,1.29195902691333,103.664522767475,FALSE
2.41,0.965563854907311,1.29230191553381,103.691899487788,FALSE
2.415,0.9663836438329,1.29264172494358,103.71902995354,FALSE
2.42,0.967197774771381,1.29297849110659,103.745917043415,FALSE
2.425,0.968006303173656,1.2933122494753,103.772563595134,FALSE
2.43,0.968809283801348,1.29364303499915,103.798972406129,FALSE
2.435,0.969606770736997,1.29397088213291,103.825146234215,FALSE
2.44,0.970398817394092,1.29429582484481,103.851087798242,FALSE
2.445,0.971185476526918,1.2946178966246,103.87679977874,FALSE
2.45,0.971966800240257,1.2949371304914,103.902284818546,FALSE
2.455,0.972742839998909,1.29525355900142,103.927545523426,FALSE
2.46,0.973513646637067,1.29556721425556,103.952584462681,FALSE
2.465,0.974279270367526,1.29587812790683,103.977404169742,FALSE
2.47,0.975039760790742,1.29618633116766,104.002007142759,FALSE
2.475,0.975795166903741,1.29649185481707,104.02639584517,FALSE
2.48,0.976545537108881,1.29679472920767,104.050572706266,FALSE
2.485,0.977290919222461,1.29709498427264,104.074540121749,FALSE
2.49,0.978031360483198,1.29739264953243,104.098300454267,FALSE
2.495,0.978766907560555,1.29768775410146,104.121856033955,FALSE
2.5,0.979497606562939,1.29798032669463,104.145209158952,FALSE
2.505,0.980223503045757,1.29827039563375,104.168362095919,FALSE
2.51,0.980944642019343,1.29855798885384,104.191317080542,FALSE
2.515,0.981661067956755,1.29884313390928,104.214076318028,FALSE
2.52,0.982372824801445,1.29912585797991,104.236641983588,FALSE
2.525,0.983079955974799,1.29940618787699,104.259016222919,FALSE
2.53,0.983782504383561,1.29968415004904,104.281201152672,FALSE
2.535,0.984480512427127,1.29995977058758,104.30319886091,FALSE
2.54,0.985174022004729,1.3002330752328,104.32501140756,FALSE
2.545,0.985863074522501,1.30050408937907,104.34664082486,FALSE
2.55,0.986547710900419,1.30077283808042,104.368089117795,FALSE
2.555,0.98722797157915,1.30103934605584,104.389358264521,FALSE
2.56,0.987903896526767,1.30130363769457,104.41045021679,FALSE
2.565,0.988575525245375,1.30156573706124,104.43136690036,FALSE
2.57,0.989242896777615,1.30182566790092,104.452110215402,FALSE
2.575,0.989906049713081,1.30208345364413,104.4726820369,FALSE
2.58,0.990565022194612,1.3023391174117,104.493084215041,FALSE
2.585,0.991219851924504,1.30259268201958,104.513318575598,FALSE
2.59,0.99187057617061,1.30284416998353,104.53338692031,FALSE
2.595,0.992517231772348,1.3030936035238,104.553291027253,FALSE
2.6,0.993159855146612,1.30334100456965,104.573032651203,FALSE
2.605,0.993798482293588,1.30358639476384,104.592613523998,FALSE
2.61,0.994433148802483,1.30382979546698,104.612035354883,FALSE
2.615,0.995063889857152,1.3040712277619,104.631299830862,FALSE
2.62,0.995690740241651,1.30431071245787,104.650408617037,FALSE
2.625,0.996313734345691,1.30454827009475,104.669363356938,FALSE
2.63,0.99693290617001,1.30478392094713,104.688165672855,FALSE
2.635,0.997548289331663,1.3050176850283,104.706817166158,FALSE
2.64,0.998159917069223,1.30524958209423,104.725319417615,FALSE
2.645,0.998767822247909,1.30547963164748,104.743673987704,FALSE
2.65,0.999372037364626,1.30570785294097,104.761882416916,FALSE
2.655,0.99997259455293,1.30593426498177,104.779946226059,FALSE
2.66,1.00056952558792,1.30615888653479,104.797866916552,FALSE
2.665,1.00116286189103,1.30638173612638,104.815645970714,FALSE
2.67,1.00175263453481,1.30660283204791,104.833284852053,FALSE
2.675,1.00233887424753,1.30682219235929,104.850785005543,FALSE
2.68,1.00292161141783,1.30703983489238,104.868147857903,FALSE
2.685,1.0035008760992,1.30725577725441,104.885374817866,FALSE
2.69,1.00407669801443,1.30747003683127,104.902467276447,FALSE
2.695,1.00464910656005,1.30768263079081,104.919426607203,FALSE
2.7,1.00521813081055,1.30789357608606,104.936254166493,FALSE
2.705,1.00578379952273,1.30810288945838,104.95295129373,FALSE
2.71,1.00634614113982,1.30831058744056,104.969519311631,FALSE
2.715,1.0069051837956,1.30851668635989,104.985959526458,FALSE
2.72,1.00746095531852,1.30872120234118,105.002273228267,FALSE
2.725,1.00801348323562,1.30892415130967,105.018461691136,FALSE
2.73,1.00856279477652,1.309125548994,105.034526173402,FALSE
2.735,1.00910891687726,1.30932541092902,105.050467917891,FALSE
2.74,1.00965187618415,1.3095237524586,105.066288152139,FALSE
2.745,1.01019169905751,1.30972058873842,105.081988088617,FALSE
2.75,1.01072841157539,1.30991593473869,105.097568924948,FALSE
2.755,1.0112620395372,1.31010980524679,105.11303184412,FALSE
2.76,1.01179260846732,1.31030221486992,105.128378014696,FALSE
2.765,1.01232014361861,1.31049317803771,105.143608591026,FALSE
2.77,1.01284466997596,1.3106827090047,105.158724713442,FALSE
2.775,1.01336621225966,1.31087082185291,105.173727508467,FALSE
2.78,1.01388479492881,1.31105753049426,105.188618089007,FALSE
2.785,1.01440044218466,1.31124284867301,105.203397554547,FALSE
2.79,1.01491317797389,1.31142678996813,105.21806699134,FALSE
2.795,1.01542302599184,1.31160936779562,105.232627472597,FALSE
2.8,1.01593000968572,1.3117905954109,105.247080058669,FALSE
2.805,1.01643415225771,1.31197048591095,105.261425797231,FALSE
2.81,1.01693547666809,1.31214905223667,105.275665723458,FALSE
2.815,1.01743400563828,1.31232630717497,105.289800860203,FALSE
2.82,1.01792976165386,1.31250226336099,105.30383221817,FALSE
2.825,1.01842276696749,1.31267693328021,105.317760796082,FALSE
2.83,1.01891304360188,1.31285032927053,105.331587580851,FALSE
2.835,1.01940061335262,1.31302246352435,105.345313547739,FALSE
2.84,1.01988549779105,1.31319334809057,105.358939660526,FALSE
2.845,1.02036771826702,1.31336299487658,105.372466871664,FALSE
2.85,1.02084729591168,1.31353141565026,105.385896122436,FALSE
2.855,1.02132425164014,1.31369862204187,105.399228343112,FALSE
2.86,1.02179860615421,1.31386462554594,105.412464453099,FALSE
2.865,1.02227037994499,1.3140294375232,105.42560536109,FALSE
2.87,1.02273959329545,1.31419306920234,105.438651965215,FALSE
2.875,1.02320626628306,1.31435553168188,105.451605153182,FALSE
2.88,1.02367041878224,1.31451683593193,105.464465802422,FALSE
2.885,1.02413207046689,1.31467699279593,105.477234780227,FALSE
2.89,1.02459124081282,1.3148360129924,105.489912943893,FALSE
2.895,1.02504794910017,1.31499390711664,105.50250114085,FALSE
2.9,1.02550221441583,1.31515068564238,105.515000208801,FALSE
2.905,1.02595405565572,1.31530635892344,105.527410975851,FALSE
2.91,1.02640349152717,1.31546093719535,105.539734260636,FALSE
2.915,1.02685054055115,1.31561443057695,105.551970872456,FALSE
2.92,1.02729522106456,1.31576684907197,105.564121611395,FALSE
2.925,1.02773755122244,1.31591820257054,105.576187268447,FALSE
2.93,1.02817754900014,1.31606850085077,105.58816862564,FALSE
2.935,1.0286152321955,1.31621775358018,105.600066456151,FALSE
2.94,1.02905061843095,1.31636597031725,105.61188152443,FALSE
2.945,1.02948372515565,1.31651316051282,105.623614586315,FALSE
2.95,1.0299145696475,1.31665933351155,105.635266389141,FALSE
2.955,1.03034316901524,1.31680449855332,105.646837671863,FALSE
2.96,1.03076954020042,1.3169486647746,105.658329165157,FALSE
2.965,1.03119369997937,1.31709184120988,105.669741591537,FALSE
2.97,1.03161566496523,1.31723403679293,105.681075665459,FALSE
2.975,1.03203545160979,1.31737526035819,105.692332093428,FALSE
2.98,1.03245307620544,1.31751552064205,105.703511574102,FALSE
2.985,1.03286855488704,1.31765482628416,105.714614798397,FALSE
2.99,1.03328190363377,1.31779318582865,105.725642449588,FALSE
2.995,1.03369313827094,1.31793060772543,105.736595203405,FALSE
3,1.03410227447182,1.31806710033138,105.747473728137,FALSE
