"quantity","point","mc_mean","mc_sd","lo95","hi95"
"ref_dCH4",-0.610050317599502,-0.603961824116082,0.0734306300462748,-0.7481210366971,-0.460905291085221
"max_cut",-1.33812254975688,-1.33998800600758,0.0591766918846904,-1.45554002327501,-1.22264147896689
"ref_pct_of_max",45.590018471054,45.0280512031941,4.70839011553605,35.4423528880447,53.9765890075984
"region_share",0.06403,0.0638565605,0.00729248622610119,0.049354625,0.07789
"max_dMBW_reg",0.64805100545959,0.645761969477082,0.0638157874193546,0.518479827263294,0.768180142713863
"max_dCO2_reg",75.0417185763993,74.8947351034144,6.01927972890224,62.731097508421,86.4231975305743
"econ_lo",0.858310093280388,0.859627295771113,0.0430450361909546,0.777283129815797,0.946514010162768
"econ_hi",1.10341152687579,1.10788382828781,0.0676403315742678,0.98192167063376,1.24740000930158
"abs_CH4_dCH4",-1.33812254975688,-1.33998800600758,0.0591766918846904,-1.45554002327501,-1.22264147896689
"abs_CH4_dMBW",-1.21271394866217,-1.21172074270219,0.0527894208576135,-1.31431616511835,-1.10819163311073
"abs_CH4_dCO2",-99.573331278893,-99.5469487064491,5.10859226297315,-109.349454670231,-89.3376615077998
"abs_CH4_in_region",0,0,NA,NA,NA
"gen_res_dCH4",-0.707672621712276,-0.706530310369266,0.0713593463490329,-0.845851439365384,-0.568654386483858
"gen_res_dMBW",-0.091346021899323,-0.0914930586513979,0.016678964312814,-0.12419246376005,-0.0588884794700885
"gen_res_dCO2",2.00324347978061,1.99624388304077,2.26154699913281,-2.46954977037621,6.34392082480175
"gen_res_in_region",0,0,NA,NA,NA
"phe_res_dCH4",-0.87087037108345,-0.872801026050401,0.0754364323394949,-1.01795846335006,-0.723031761963449
"phe_res_dMBW",-0.314974049562032,-0.315916276698364,0.0634590563359142,-0.442903037076358,-0.193945352172528
"phe_res_dCO2",-9.82045975672188,-9.89359217942778,6.91950297480114,-23.8188602869927,3.37850512248084
"phe_res_in_region",0,0,NA,NA,NA
"ratio_MBW_dCH4",-0.750357099736691,-0.7525740924006,0.120065721819119,-0.974800937602115,-0.501251349886324
"ratio_MBW_dMBW",-0.143458749642665,-0.14347082900369,0.124808152533771,-0.387524841220629,0.107053843596919
"ratio_MBW_dCO2",-2.37008722927112,-2.61307578168079,10.9797677433411,-24.4981482523289,18.8596628277872
"ratio_MBW_in_region",0,0.1261,NA,NA,NA
"ratio_CO2_dCH4",0.188256219776813,0.186160400064081,0.114075201093665,-0.0392282504660768,0.411615253210539
"ratio_CO2_dMBW",0.722718251479435,0.721582556723644,0.0761019364680301,0.576389079307256,0.876227447278622
"ratio_CO2_dCO2",88.3040210823521,88.3045284654361,7.17029210006719,74.2797085048434,102.047146689149
"ratio_CO2_in_region",0,0.0525,NA,NA,NA
"t6_abs_CH4_wMBW",1.20634902711265,1.21837934123404,0.210139562196914,0.845263743546234,1.68023059570668
"t6_abs_CH4_wCO2",-0.00404682448280625,-0.00414286779710723,0.00218564447033815,-0.00880490280481184,-0.000164472224319921
"t6_gen_res_wMBW",0.373307822378433,0.378702267784092,0.11182600214305,0.193531952870261,0.635281578659133
"t6_gen_res_wCO2",-0.00398589961427361,-0.00403253918705779,0.00119695124726201,-0.00676356787285385,-0.00203585514113308
"t6_phe_res_wMBW",0.783691551412742,0.795507723753273,0.203155985945274,0.436709098815723,1.2446338209158
"t6_phe_res_wCO2",-0.00775381443306047,-0.0078523047846128,0.00211596996378884,-0.0124379949275821,-0.00406424651522606
"t6_ratio_MBW_wMBW",0.396155402610615,0.408185716731998,0.210139562196914,0.0350701190441959,0.870036971204644
"t6_ratio_MBW_wCO2",-0.00404682448280625,-0.00414286779710723,0.00218564447033815,-0.00880490280481184,-0.000164472224319921
"t6_ratio_CO2_wMBW",1.20634902711265,1.21837934123404,0.210139562196914,0.845263743546234,1.68023059570668
"t6_ratio_CO2_wCO2",-0.0190971468688472,-0.0191931901831482,0.00218564447033815,-0.0238552251908528,-0.0152147946103609
"gen_res_cMBW",0.83304120473422,0.839677073449944,0.110074478033784,0.639308765483531,1.07331144816063
"gen_res_cCO2",-6.09248685326338e-05,-0.000110328610049442,0.00111616457226395,-0.00243915342529869,0.00198428769133873
"phe_res_cMBW",0.422657475699911,0.422871617480763,0.0198102085367472,0.384226185743195,0.461688545908223
"phe_res_cCO2",0.00370698995025422,0.00370943698750557,0.000159084687131779,0.00339797089280447,0.00402824956524539
