"w_MBW","w_CO2","dCH4","dMBW","dCO2","in_region"
-0.5,0,-1.31992194206836,-1.30274062149745,-108.833113993303,FALSE
-0.495,0,-1.32016734120039,-1.30224735280924,-108.780063294531,FALSE
-0.49,0,-1.32041270125932,-1.30174915559963,-108.726522123341,FALSE
-0.485,0,-1.32065800413711,-1.30124596591463,-108.67248439493,FALSE
-0.48,0,-1.32090323125241,-1.3007377187929,-108.617943931637,FALSE
-0.475,0,-1.32114836353927,-1.30022434824734,-108.562894461293,FALSE
-0.47,0,-1.32139338143547,-1.29970578724629,-108.507329615534,FALSE
-0.465,0,-1.32163826487059,-1.2991819676944,-108.451242928083,FALSE
-0.46,0,-1.32188299325377,-1.29865282041305,-108.394627832992,FALSE
-0.455,0,-1.32212754546119,-1.29811827512041,-108.337477662857,FALSE
-0.45,0,-1.32237189982322,-1.29757826041105,-108.279785646986,FALSE
-0.445,0,-1.32261603411125,-1.29703270373519,-108.221544909547,FALSE
-0.44,0,-1.32285992552418,-1.29648153137742,-108.162748467657,FALSE
-0.435,0,-1.3231035506746,-1.29592466843512,-108.103389229454,FALSE
-0.43,0,-1.32334688557458,-1.2953620387963,-108.043459992113,FALSE
-0.425,0,-1.32358990562117,-1.29479356511704,-107.982953439831,FALSE
-0.42,0,-1.32383258558144,-1.2942191687985,-107.921862141771,FALSE
-0.415,0,-1.32407489957725,-1.29363876996337,-107.86017854996,FALSE
-0.41,0,-1.32431682106953,-1.29305228743187,-107.797894997145,FALSE
-0.405,0,-1.32455832284225,-1.2924596386973,-107.735003694613,FALSE
-0.4,0,-1.32479937698594,-1.29186073990095,-107.671496729953,FALSE
-0.395,0,-1.32503995488079,-1.29125550580662,-107.607366064786,FALSE
-0.39,0,-1.32528002717933,-1.29064384977454,-107.542603532438,FALSE
-0.385,0,-1.32551956378872,-1.29002568373474,-107.477200835574,FALSE
-0.38,0,-1.32575853385245,-1.28940091815987,-107.411149543775,FALSE
-0.375,0,-1.32599690573177,-1.28876946203748,-107.344441091074,FALSE
-0.37,0,-1.32623464698645,-1.28813122284165,-107.277066773435,FALSE
-0.365,0,-1.32647172435523,-1.28748610650408,-107.209017746182,FALSE
-0.36,0,-1.32670810373559,-1.28683401738458,-107.140285021377,FALSE
-0.355,0,-1.32694375016316,-1.28617485824082,-107.07085946514,FALSE
-0.35,0,-1.32717862779053,-1.28550853019762,-107.00073179492,FALSE
-0.345,0,-1.32741269986549,-1.28483493271543,-106.929892576702,FALSE
-0.34,0,-1.32764592870877,-1.28415396355824,-106.858332222165,FALSE
-0.335,0,-1.32787827569118,-1.28346551876076,-106.78604098577,FALSE
-0.33,0,-1.32810970121016,-1.28276949259491,-106.713008961799,FALSE
-0.325,0,-1.32834016466573,-1.28206577753562,-106.639226081327,FALSE
-0.32,0,-1.32856962443582,-1.28135426422589,-106.564682109132,FALSE
-0.315,0,-1.32879803785097,-1.28063484144107,-106.489366640538,FALSE
-0.31,0,-1.32902536116834,-1.27990739605243,-106.4132690982,FALSE
-0.305,0,-1.32925154954513,-1.27917181298993,-106.336378728814,FALSE
-0.3,0,-1.3294765570112,-1.27842797520418,-106.258684599764,FALSE
-0.295,0,-1.32970033644107,-1.27767576362762,-106.180175595696,FALSE
-0.29,0,-1.32992283952516,-1.27691505713482,-106.100840415024,FALSE
-0.285,0,-1.33014401674025,-1.27614573250199,-106.020667566357,FALSE
-0.28,0,-1.33036381731926,-1.27536766436556,-105.939645364862,FALSE
-0.275,0,-1.33058218922015,-1.27458072517991,-105.857761928539,FALSE
-0.27,0,-1.33079907909403,-1.27378478517419,-105.775005174427,FALSE
-0.265,0,-1.33101443225251,-1.2729797123082,-105.691362814726,FALSE
-0.26,0,-1.3312281926341,-1.27216537222731,-105.606822352844,FALSE
-0.255,0,-1.3314403027698,-1.27134162821647,-105.521371079353,FALSE
-0.25,0,-1.33165070374771,-1.27050834115312,-105.434996067866,FALSE
-0.245,0,-1.33185933517687,-1.26966536945921,-105.347684170827,FALSE
-0.24,0,-1.33206613514994,-1.26881256905212,-105.259422015217,FALSE
-0.235,0,-1.33227104020509,-1.2679497932945,-105.170195998157,FALSE
-0.23,0,-1.33247398528676,-1.26707689294311,-105.079992282438,FALSE
-0.225,0,-1.3326749037055,-1.26619371609648,-104.988796791941,FALSE
-0.22,0,-1.33287372709662,-1.26530010814147,-104.896595206971,FALSE
-0.215,0,-1.33307038537789,-1.2643959116987,-104.803372959492,FALSE
-0.21,0,-1.33326480670605,-1.26348096656679,-104.709115228259,FALSE
-0.205,0,-1.33345691743216,-1.26255510966536,-104.613806933853,FALSE
-0.2,0,-1.33364664205586,-1.26161817497688,-104.517432733607,FALSE
-0.195,0,-1.33383390317829,-1.26066999348719,-104.419977016434,FALSE
-0.19,0,-1.33401862145393,-1.25971039312479,-104.32142389754,FALSE
-0.185,0,-1.33420071554102,-1.25873919869883,-104.221757213032,FALSE
-0.18,0,-1.33438010205078,-1.25775623183571,-104.12096051441,FALSE
-0.175,0,-1.33455669549518,-1.25676131091436,-104.019017062945,FALSE
-0.17,0,-1.3347304082335,-1.25575425100016,-103.915909823947,FALSE
-0.165,0,-1.33490115041726,-1.25473486377735,-103.811621460905,FALSE
-0.16,0,-1.33506882993387,-1.2537029574801,-103.706134329511,FALSE
-0.155,0,-1.33523335234871,-1.252658336822,-103.599430471559,FALSE
-0.15,0,-1.3353946208457,-1.25160080292413,-103.49149160872,FALSE
-0.145,0,-1.33555253616628,-1.25053015324157,-103.382299136186,FALSE
-0.14,0,-1.33570699654679,-1.24944618148827,-103.271834116183,FALSE
-0.135,0,-1.33585789765418,-1.24834867756041,-103.160077271359,FALSE
-0.13,0,-1.33600513252006,-1.24723742745812,-103.047008978021,FALSE
-0.125,0,-1.33614859147293,-1.24611221320547,-102.932609259251,FALSE
-0.12,0,-1.33628816206871,-1.24497281276883,-102.816857777869,FALSE
-0.115,0,-1.33642372901934,-1.24381899997349,-102.699733829263,FALSE
-0.11,0,-1.33655517411956,-1.2426505444185,-102.581216334061,FALSE
-0.105,0,-1.33668237617173,-1.24146721138971,-102.461283830668,FALSE
-0.1,0,-1.33680521090866,-1.24026876177103,-102.339914467647,FALSE
-0.095,0,-1.3369235509144,-1.2390549519538,-102.217085995944,FALSE
-0.09,0,-1.33703726554297,-1.23782553374423,-102.092775760962,FALSE
-0.085,0,-1.33714622083489,-1.23658025426899,-101.966960694478,FALSE
-0.08,0,-1.33725027943155,-1.23531885587877,-101.839617306392,FALSE
-0.075,0,-1.33734930048734,-1.23404107604988,-101.710721676323,FALSE
-0.07,0,-1.33744313957943,-1.23274664728381,-101.58024944503,FALSE
-0.065,0,-1.33753164861517,-1.23143529700474,-101.448175805672,FALSE
-0.06,0,-1.33761467573711,-1.23010674745491,-101.314475494897,FALSE
-0.055,0,-1.33769206522549,-1.2287607155879,-101.179122783751,FALSE
-0.05,0,-1.33776365739817,-1.22739691295974,-101.042091468423,FALSE
-0.045,0,-1.33782928850797,-1.22601504561783,-100.903354860801,FALSE
-0.04,0,-1.33788879063731,-1.22461481398755,-100.762885778859,FALSE
-0.035,0,-1.33794199159009,-1.22319591275672,-100.620656536854,FALSE
-0.03,0,-1.33798871478079,-1.22175803075772,-100.476638935341,FALSE
-0.025,0,-1.33802877912066,-1.22030085084723,-100.330804251008,FALSE
-0.02,0,-1.33806199890095,-1.21882404978366,-100.183123226309,FALSE
-0.015,0,-1.33808818367315,-1.21732729810222,-100.033566058926,FALSE
-0.01,0,-1.33810713812609,-1.2158102599875,-99.8821023910186,FALSE
-0.005,0,-1.33811866195994,-1.21427259314368,-99.7287012982975,FALSE
0,0,-1.33812254975688,-1.21271394866217,-99.573331278893,FALSE
0.005,0,-1.33811859084857,-1.21113397088685,-99.4159602420306,FALSE
0.01,0,-1.33810656918012,-1.20953229727675,-99.2565554965084,FALSE
0.015,0,-1.33808626317063,-1.20790855826616,-99.0950837389761,FALSE
0.02,0,-1.33805744557028,-1.20626237712217,-98.9315110420142,FALSE
0.025,0,-1.33801988331363,-1.2045933697997,-98.765802842013,FALSE
0.03,0,-1.33797333736937,-1.20290114479383,-98.5979239268515,FALSE
0.035,0,-1.33791756258623,-1.20118530298956,-98.4278384233745,FALSE
0.04,0,-1.33785230753504,-1.19944543750895,-98.2555097846698,FALSE
0.045,0,-1.33777731434685,-1.19768113355558,-98.0809007771441,FALSE
0.05,0,-1.33769231854706,-1.1958919682564,-97.9039734673995,FALSE
0.055,0,-1.33759704888546,-1.19407751050093,-97.7246892089114,FALSE
0.0600000000000001,0,-1.33749122716204,-1.19223732077779,-97.5430086285074,FALSE
0.0650000000000001,0,-1.33737456804861,-1.19037095100855,-97.3588916126515,FALSE
0.0700000000000001,0,-1.33724677890609,-1.18847794437908,-97.1722972935342,FALSE
0.0750000000000001,0,-1.33710755959734,-1.18655783516808,-96.9831840349704,FALSE
0.08,0,-1.33695660229553,-1.18461014857319,-96.7915094181093,FALSE
0.085,0,-1.33679359128797,-1.18263440053437,-96.5972302269598,FALSE
0.09,0,-1.33661820277529,-1.18063009755481,-96.4003024337335,FALSE
0.095,0,-1.33643010466588,-1.17859673651931,-96.2006811840127,FALSE
0.1,0,-1.33622895636558,-1.17653380451011,-95.9983207817461,FALSE
0.105,0,-1.33601440856249,-1.17444077862036,-95.7931746740792,FALSE
0.11,0,-1.3357861030069,-1.1723171257652,-95.5851954360256,FALSE
0.115,0,-1.33554367228622,-1.17016230249048,-95.374334754987,FALSE
0.12,0,-1.3352867395948,-1.16797575477927,-95.1605434151283,FALSE
0.125,0,-1.33501491849878,-1.16575691785615,-94.9437712816188,FALSE
0.13,0,-1.33472781269565,-1.16350521598952,-94.7239672847475,FALSE
0.135,0,-1.33442501576869,-1.16122006229183,-94.5010794039241,FALSE
0.14,0,-1.33410611093609,-1.15890085851796,-94.2750546515767,FALSE
0.145,0,-1.3337706707949,-1.15654699486191,-94.0458390569598,FALSE
0.15,0,-1.33341825705949,-1.15415784975179,-93.8133776498854,FALSE
0.155,0,-1.3330484202948,-1.15173278964344,-93.577614444393,FALSE
0.16,0,-1.33266069964415,-1.14927116881261,-93.3384924223745,FALSE
0.165,0,-1.33225462255174,-1.14677232914614,-93.0959535171717,FALSE
0.17,0,-1.33182970447967,-1.14423559993212,-92.8499385971651,FALSE
0.175,0,-1.33138544861967,-1.14166029764934,-92.6003874493752,FALSE
0.18,0,-1.33092134559944,-1.13904572575619,-92.3472387630979,FALSE
0.185,0,-1.33043687318372,-1.13639117447939,-92.0904301135975,FALSE
0.19,0,-1.32993149596994,-1.13369592060259,-91.8298979458836,FALSE
0.195,0,-1.32940466507881,-1.13095922725534,-91.565577558599,FALSE
0.2,0,-1.32885581783964,-1.12818034370262,-91.2974030880471,FALSE
0.205,0,-1.32828437747061,-1.12535850513524,-91.0253074923912,FALSE
0.21,0,-1.32768975275407,-1.12249293246157,-90.749222536059,FALSE
0.215,0,-1.32707133770695,-1.11958283210086,-90.4690787743877,FALSE
0.22,0,-1.32642851124654,-1.11662739577865,-90.1848055385479,FALSE
0.225,0,-1.32576063685156,-1.1136258003246,-89.8963309207878,FALSE
0.23,0,-1.32506706221901,-1.11057720747334,-89.6035817600394,FALSE
0.235,0,-1.32434711891667,-1.1074807636687,-89.3064836279344,FALSE
0.24,0,-1.32360012203183,-1.10433559987191,-89.0049608152779,FALSE
0.245,0,-1.32282536981615,-1.10114083137437,-88.6989363190314,FALSE
0.25,0,-1.32202214332724,-1.09789555761548,-88.3883318298615,FALSE
0.255,0,-1.32118970606706,-1.09459886200629,-88.0730677203113,FALSE
0.26,0,-1.32032730361761,-1.09124981175955,-87.7530630336567,FALSE
0.265,0,-1.31943416327423,-1.08784745772695,-87.4282354735139,FALSE
0.27,0,-1.31850949367695,-1.0843908342442,-87.0985013942657,FALSE
0.275,0,-1.31755248444035,-1.08087895898491,-86.7637757923803,FALSE
0.28,0,-1.31656230578245,-1.07731083282402,-86.4239722987002,FALSE
0.285,0,-1.31553810815305,-1.07368543971163,-86.0790031717816,FALSE
0.29,0,-1.31447902186233,-1.0700017465584,-85.7287792923692,FALSE
0.295,0,-1.31338415671011,-1.06625870313319,-85.3732101590982,FALSE
0.3,0,-1.31225260161664,-1.06245524197439,-85.012203885517,FALSE
0.305,0,-1.31108342425555,-1.05859027831566,-84.6456671985295,FALSE
0.31,0,-1.30987567068981,-1.05466271002763,-84.2735054383626,FALSE
0.315,0,-1.30862836501155,-1.05067141757644,-83.8956225601679,FALSE
0.32,0,-1.30734050898663,-1.04661526400076,-83.5119211373717,FALSE
0.325,0,-1.30601108170506,-1.04249309490834,-83.1223023668937,FALSE
0.33,0,-1.30463903923816,-1.03830373849378,-82.726666076361,FALSE
0.335,0,-1.30322331430368,-1.03404600557879,-82.324910733446,FALSE
0.34,0,-1.3017628159402,-1.02971868967674,-81.9169334574672,FALSE
0.345,0,-1.30025642919181,-1.02532056708286,-81.5026300333953,FALSE
0.35,0,-1.29870301480473,-1.02085039699209,-81.081894928411,FALSE
0.355,0,-1.29710140893717,-1.01630692164614,-80.6546213111719,FALSE
0.36,0,-1.29545042288398,-1.0116888665117,-80.2207010739462,FALSE
0.365,0,-1.29374884281773,-1.00699494049173,-79.7800248577815,FALSE
0.37,0,-1.29199542954805,-1.00222383617187,-79.3324820808795,FALSE
0.375,0,-1.29018891830088,-0.997374230103944,-78.8779609703562,FALSE
0.38,0,-1.2883280185197,-0.992444783128818,-78.416348597571,FALSE
0.385,0,-1.28641141369068,-0.987434140740811,-77.9475309172148,FALSE
0.39,0,-1.28443776119404,-0.982340933495941,-77.4713928103531,FALSE
0.395,0,-1.28240569218361,-0.97716377746641,-76.987818131625,FALSE
0.4,0,-1.28031381149721,-0.97190127474377,-76.4966897608044,FALSE
0.405,0,-1.27816069760022,-0.966552013993276,-75.9978896589357,FALSE
0.41,0,-1.27594490256483,-0.961114571062027,-75.4912989292586,FALSE
0.415,0,-1.27366495208789,-0.955587509643517,-74.9767978831443,FALSE
0.42,0,-1.27131934554996,-0.949969382001315,-74.4542661112656,FALSE
0.425,0,-1.26890655611866,-0.944258729754619,-73.92358256023,FALSE
0.43,0,-1.26642503089925,-0.938454084728484,-73.3846256149057,FALSE
0.435,0,-1.26387319113574,-0.932553969871564,-72.837273186673,FALSE
0.44,0,-1.26124943246566,-0.926556900244239,-72.2814028078349,FALSE
0.445,0,-1.25855212523202,-0.920461384080028,-71.7168917324223,FALSE
0.45,0,-1.25577961485589,-0.91426592392318,-71.1436170436263,FALSE
0.455,0,-1.25293022227318,-0.907969017845371,-70.5614557680924,FALSE
0.46,0,-1.25000224443937,-0.901569160744397,-69.9702849973044,FALSE
0.465,0,-1.246993954906,-0.895064845727739,-69.3699820162873,FALSE
0.47,0,-1.24390360447269,-0.88845456558385,-68.7604244398472,FALSE
0.475,0,-1.24072942191878,-0.881736814343931,-68.1414903565665,FALSE
0.48,0,-1.23746961481844,-0.874910088936933,-67.5130584807578,FALSE
0.485,0,-1.23412237044347,-0.867972890940381,-66.8750083125758,FALSE
0.49,0,-1.23068585675779,-0.860923728429557,-66.2272203064708,FALSE
0.495,0,-1.22715822350772,-0.853761117927399,-65.569576048156,FALSE
0.5,0,-1.22353760341235,-0.846483586457353,-64.9019584402434,FALSE
0.505,0,-1.21982211345783,-0.8390896737012,-64.2242518966874,FALSE
0.51,0,-1.21600985629992,-0.831577934263706,-63.5363425461524,FALSE
0.515,0,-1.21209892177867,-0.823946940045662,-62.8381184443989,FALSE
0.52,0,-1.20808738854925,-0.816195282726661,-62.1294697957585,FALSE
0.525,0,-1.20397332583263,-0.808321576358613,-61.4102891837379,FALSE
0.53,0,-1.19975479529002,-0.800324460070701,-60.6804718107613,FALSE
0.535,0,-1.19542985302426,-0.792202600886098,-59.9399157470301,FALSE
0.54,0,-1.19099655171184,-0.783954696650355,-59.1885221884362,FALSE
0.545,0,-1.18645294286832,-0.775579479070954,-58.4261957234298,FALSE
0.55,0,-1.18179707925008,-0.767075716867018,-57.6528446086984,FALSE
0.555,0,-1.17702701739482,-0.758442219027667,-56.8683810534659,FALSE
0.56,0,-1.172140820303,-0.749677838176945,-56.0727215121724,FALSE
0.565,0,-1.16713656026176,-0.740781474042673,-55.2657869852429,FALSE
0.57,0,-1.16201232181274,-0.73175207702591,-54.4475033275961,FALSE
0.575,0,-1.15676620486442,-0.722588651867066,-53.6178015644864,FALSE
0.58,0,-1.15139632794923,-0.713290261403994,-52.7766182142098,FALSE
0.585,0,-1.14590083162507,-0.703856030416624,-51.9238956171397,FALSE
0.59,0,-1.14027788202007,-0.694285149551945,-51.0595822704908,FALSE
0.595,0,-1.13452567451899,-0.684576879322318,-50.1836331681398,FALSE
0.6,0,-1.12864243758862,-0.674730554169242,-49.2960101447587,FALSE
0.605,0,-1.12262643673904,-0.664745586583853,-48.3966822234435,FALSE
0.61,0,-1.11647597861637,-0.654621471274526,-47.485625965944,FALSE
0.615,0,-1.11018941522227,-0.644357789371033,-46.562825824525,FALSE
0.62,0,-1.10376514825384,-0.633954212653785,-45.6282744944107,FALSE
0.625,0,-1.09720163355731,-0.623410507795771,-44.6819732656885,FALSE
0.63,0,-1.09049738568726,-0.612726540603842,-43.7239323734685,FALSE
0.635,0,-1.08365098256246,-0.601902280245076,-42.7541713450214,FALSE
0.64,0,-1.07666107020821,-0.590937803443037,-41.7727193425434,FALSE
0.645,0,-1.06952636757383,-0.579833298627856,-40.7796155001231,FALSE
0.65,0,-1.06224567141309,-0.568589070023171,-39.7749092534183,FALSE
0.655,0,-1.05481786121396,-0.557205541652176,-38.758660660488,FALSE
0.66,0,-1.04724190416317,-0.545683261244216,-37.7309407121619,FALSE
0.665,0,-1.03951686012973,-0.534022904022677,-36.6918316302801,FALSE
0.67,0,-1.03164188665068,-0.522225276354277,-35.6414271520863,FALSE
0.675,0,-1.02361624390102,-0.510291319239266,-34.5798327990219,FALSE
0.68,0,-1.01543929962898,-0.498222111621643,-33.507166128134,FALSE
0.685,0,-1.00711053403664,-0.486018873498052,-32.4235569642951,FALSE
0.69,0,-0.99862954458504,-0.473682968803855,-31.3291476114168,FALSE
0.695,0,-0.989996050702148,-0.461215908054691,-30.2240930408449,FALSE
0.7,0,-0.981209898371184,-0.448619350721883,-29.1085610551361,FALSE
0.705,0,-0.972271064576275,-0.43589510732021,-27.982732425439,FALSE
0.71,0,-0.963179661581807,-0.423045141186878,-26.8468010007501,FALSE
0.715,0,-0.953935941021485,-0.410071569930987,-25.7009737873602,FALSE
0.72,0,-0.944540297772835,-0.396976666533488,-24.5454709968847,FALSE
0.725,0,-0.934993273592786,-0.383762860078392,-23.3805260613468,FALSE
0.73,0,-0.925295560490033,-0.370432736097066,-22.2063856138912,FALSE
0.735,0,-0.915448003810115,-0.356989036508559,-21.0233094338104,FALSE
0.74,0,-0.905451605009548,-0.343434659140377,-19.8315703547067,FALSE
0.745,0,-0.89530752409598,-0.329772656815563,-18.631454134748,FALSE
0.75,0,-0.885017081712117,-0.316006235993784,-17.4232592881428,FALSE
0.755,0,-0.874581760842174,-0.302138754955923,-16.2072968771295,FALSE
0.76,0,-0.864003208120809,-0.288173721523825,-14.9838902639628,FALSE
0.765,0,-0.853283234725891,-0.274114790309011,-13.7533748225792,FALSE
0.77,0,-0.842423816838046,-0.259965759486555,-12.5160976098331,FALSE
0.775,0,-0.831427095651708,-0.245730567092794,-11.2724169964131,FALSE
0.78,0,-0.820295376924393,-0.231413286848148,-10.0227022577776,FALSE
0.785,0,-0.809031130053013,-0.217018123508977,-8.7673331256786,FALSE
0.79,0,-0.79763698666839,-0.202549407755184,-7.50669930108209,FALSE
0.795,0,-0.786115738741555,-0.188011590623044,-6.24119992953187,FALSE
0.8,0,-0.774470336197989,-0.173409237495543,-4.97124304024237,FALSE
0.805,0,-0.762703884038669,-0.158747021665344,-3.69724495044482,FALSE
0.81,0,-0.750819638969506,-0.144029717488245,-2.4196296367403,FALSE
0.815,0,-0.738821005543641,-0.129262193147719,-1.13882807544228,FALSE
0.82,0,-0.726711531823893,-0.114449403053743,0.144722445896162,FALSE
0.825,0,-0.71449490457557,-0.0995963799016585,1.43057904336695,FALSE
0.83,0,-0.702174944002664,-0.0847082264191417,2.71829397541322,FALSE
0.835,0,-0.689755598043344,-0.0697901068316113,4.00741540258741,FALSE
0.84,0,-0.67724093624333,-0.0548472380783698,5.29748816543882,FALSE
0.845,0,-0.664635143228459,-0.0398848808136355,6.58805457746591,FALSE
0.85,0,-0.651942511800206,-0.0249083302281256,7.87865522995733,FALSE
0.855,0,-0.63916743568037,-0.00992290672824023,9.16882980544657,FALSE
0.86,0,-0.626314401933259,0.00506605348911324,10.4581178964405,TRUE
0.865,0,-0.613387983095793,0.0200532079271804,11.7460598260307,TRUE
0.87,0,-0.600392829047635,0.0350332173062003,13.0321974669828,TRUE
0.875,0,-0.587333658655094,0.0500007550668687,14.3160750558967,TRUE
0.88,0,-0.574215251223769,0.0649505168210217,15.5972399990693,TRUE
0.885,0,-0.561042437796004,0.0798772297104749,16.8752436667383,TRUE
0.89,0,-0.547820092329892,0.0947756616356985,18.1496421724744,TRUE
0.895,0,-0.534553122797164,0.109640630316907,19.4199971345853,TRUE
0.9,0,-0.521246462237379,0.124467012151446,20.6858764165273,TRUE
0.905,0,-0.507905059805851,0.13924975083278,21.9468548434638,TRUE
0.91,0,-0.494533871852316,0.153983865698185,23.2025148922779,TRUE
0.915,0,-0.481137853066767,0.168664459774138,24.4524473525316,TRUE
0.92,0,-0.467721947727979,0.183286727490584,25.6962519560616,TRUE
0.925,0,-0.454291081089096,0.197845962037571,26.9335379731183,TRUE
0.93,0,-0.440850150933331,0.212337562340193,28.1639247731755,TRUE
0.935,0,-0.427404019331208,0.226757039630416,29.3870423487745,TRUE
0.94,0,-0.41395750462905,0.241100023597011,30.6025318010044,TRUE
0.945,0,-0.400515373696427,0.255362268097587,31.8100457854651,TRUE
0.95,0,-0.387082334458237,0.269539656419531,33.0092489178037,TRUE
0.955,0,-0.373663028734828,0.283628206079452,34.1998181381627,TRUE
0.96,0,-0.360262025411302,0.297624073153534,35.3814430341169,TRUE
0.965,0,-0.346883813954695,0.311523556133976,36.5538261219177,TRUE
0.97,0,-0.333532798295324,0.325323099309385,37.716683086088,TRUE
0.975,0,-0.32021329108609,0.339019295669634,38.8697429776417,TRUE
0.98,0,-0.30692950835105,0.352608889338177,40.0127483714026,TRUE
0.985,0,-0.29368556453211,0.366088777537273,41.1454554831083,TRUE
0.99,0,-0.280485467940279,0.379456012093773,42.267634247163,TRUE
0.995,0,-0.267333116615501,0.392707800495294,43.3790683560831,TRUE
1,0,-0.254232294596878,0.405841506508513,44.4795552628326,TRUE
1.005,0,-0.241186668602788,0.418854650373152,45.5689061473937,TRUE
1.01,0,-0.228199785118407,0.431744908586779,46.6469458490382,TRUE
1.015,0,-0.215275067886075,0.444510113297042,47.7135127658852,TRUE
1.02,0,-0.202415815792176,0.457148251319132,48.7684587234168,TRUE
1.025,0,-0.189625201142408,0.46965746279742,49.8116488137101,TRUE
1.03,0,-0.176906268315828,0.482036039531015,50.8429612072005,TRUE
1.035,0,-0.164261932786558,0.49428242298376,51.8622869388447,TRUE
1.04,0,-0.151694980500828,0.506395201999687,52.8695296705814,TRUE
1.045,0,-0.139208067595864,0.518373110245334,53.8646054320086,TRUE
1.05,0,-0.126803720446189,0.530215023400534,54.8474423412003,TRUE
1.055,0,-0.114484336022064,0.541919956119347,55.8179803075811,TRUE
1.06,0,-0.102252182544131,0.553487058782738,56.776170718756,TRUE
1.065,0,-0.0901094004177817,0.564915614064382,57.7219761131651,TRUE
1.07,0,-0.0780580034303675,0.576205033330662,58.6553698403944,TRUE
1.075,0,-0.0660998801941198,0.587354852895478,59.5763357109241,TRUE
1.08,0,-0.0542367958174629,0.598364730149979,60.4848676370425,TRUE
1.085,0,-0.0424703937874104,0.609234439586671,61.3809692665911,TRUE
1.09,0,-0.0308021980457718,0.619963868736703,62.2646536111379,TRUE
1.095,0,-0.0192336152420864,0.630553014038354,63.1359426701031,TRUE
1.1,0,-0.0077659371464489,0.641001976653927,63.9948670522869,TRUE
1.105,0,0.00359965679426351,0.65131095825144,64.8414655961657,FALSE
1.11,0,0.0148620967728538,0.661480256766565,65.6757849902461,FALSE
1.115,0,0.0260204198265606,0.671510262159393,66.4978793946768,FALSE
1.12,0,0.0370737669452134,0.681401452179681,67.3078100652414,FALSE
1.125,0,0.0480213800972778,0.691154388153258,68.1056449807643,FALSE
1.13,0,0.0588625991877206,0.700769710801381,68.8914584748841,FALSE
1.135,0,0.0695968589609433,0.710248136103875,69.6653308730614,FALSE
1.14,0,0.0802236858613936,0.719590451215986,70.4273481356122,FALSE
1.145,0,0.0907426948637653,0.72879751044795,71.177601507474,FALSE
1.15,0,0.101153586284024,0.737870231315447,71.9161871753388,FALSE
1.155,0,0.111456142581765,0.746809590668207,72.6432059327126,FALSE
1.16,0,0.121650225163758,0.75561662090325,73.3587628533877,FALSE
1.165,0,0.131735771197788,0.764292406268417,74.0629669737496,FALSE
1.17,0,0.141712790445253,0.77283807926112,74.7559309842727,FALSE
1.175,0,0.151581362120286,0.781254817126502,75.4377709305008,FALSE
1.18,0,0.161341631782518,0.789543838458507,76.1086059237467,FALSE
1.185,0,0.170993808269957,0.797706399906739,76.7685578616957,FALSE
1.19,0,0.180538160677831,0.805743792991355,77.4177511590433,FALSE
1.195,0,0.189975015388654,0.813657341027683,78.0563124882525,FALSE
1.2,0,0.199304753158199,0.821448396161732,78.6843705304721,FALSE
1.205,0,0.20852780626151,0.829118336517262,79.302055736617,FALSE
1.21,0,0.217644655702556,0.836668563454629,79.9095000985747,FALSE
1.215,0,0.226655828490662,0.844100498941216,80.5068369304697,FALSE
1.22,0,0.235561894986343,0.851415583032872,81.0942006598855,FALSE
1.225,0,0.244363466318765,0.858615271465443,81.6717266289188,FALSE
1.23,0,0.253061191876624,0.865701033355161,82.2395509049138,FALSE
1.235,0,0.261655756873841,0.872674349006391,82.7978101007051,FALSE
1.24,0,0.270147879991134,0.879536707824978,83.3466412041763,FALSE
1.245,0,0.278538311094189,0.886289606335223,83.8861814169283,FALSE
1.25,0,0.286827829028808,0.892934546298316,84.4165680018333,FALSE
1.255,0,0.295017239493206,0.899473032929909,84.9379381392413,FALSE
1.26,0,0.303107372987282,0.90590657321435,85.4504287915949,FALSE
1.265,0,0.311099082838519,0.912236674312983,85.9541765762002,FALSE
1.27,0,0.318993243303925,0.918464842063853,86.4493176458952,FALSE
1.275,0,0.326790747747238,0.924592579570013,86.9359875773529,FALSE
1.28,0,0.334492506890445,0.930621385873649,87.4143212667536,FALSE
1.285,0,0.342099447138525,0.936552754713133,87.8844528325561,FALSE
1.29,0,0.34961250897615,0.942388173360108,88.3465155251012,FALSE
1.295,0,0.357032645435025,0.948129121533718,88.8006416427789,FALSE
1.3,0,0.364360820630369,0.953777070389046,89.2469624544913,FALSE
1.305,0,0.371598008365006,0.959333481576884,89.6856081281486,FALSE
1.31,0,0.378745190799444,0.964799806371937,90.1167076649358,FALSE
1.315,0,0.385803357186234,0.970177484866623,90.5403888390935,FALSE
1.32,0,0.392773502666895,0.975467945227651,90.9567781429604,FALSE
1.325,0,0.3996566271296,0.9806726030126,91.3660007370288,FALSE
1.33,0,0.406453734125843,0.985792860543798,91.7681804047716,FALSE
1.335,0,0.413165829844229,0.990830106336825,92.1634395120052,FALSE
1.34,0,0.41979392213957,0.995785714581036,92.5518989705571,FALSE
1.345,0,0.426339019615417,1.00066104466958,92.9336782060147,FALSE
1.35,0,0.432802130758214,1.00545744077641,93.3088951293401,FALSE
1.355,0,0.439184263121193,1.01017623147798,93.677666112138,FALSE
1.36,0,0.445486422556242,1.01481872941711,94.0401059653771,FALSE
1.365,0,0.45170961249189,1.01938623100698,94.396327921365,FALSE
1.37,0,0.457854833255668,1.02388001617298,94.7464436187919,FALSE
1.375,0,0.463923081439061,1.0283013481302,95.0905630906575,FALSE
1.38,0,0.46991534930336,1.03265147319476,95.4287947549085,FALSE
1.385,0,0.475832624224685,1.03693162062683,95.7612454076176,FALSE
1.39,0,0.481675888176563,1.04114300250356,96.088020218544,FALSE
1.395,0,0.487446117248409,1.04528681362004,96.4092227289209,FALSE
1.4,0,0.493144281198366,1.0493642314167,96.7249548513211,FALSE
1.405,0,0.498771343038932,1.0533764159313,97.0353168714631,FALSE
1.41,0,0.504328258653915,1.05732450977406,97.3404074518192,FALSE
1.415,0,0.509815976445235,1.06120963812438,97.6403236369009,FALSE
1.42,0,0.515235437008188,1.06503290874767,97.9351608600972,FALSE
1.425,0,0.520587572833785,1.06879541203094,98.2250129519504,FALSE
1.43,0,0.525873308036872,1.07249822103579,98.5099721497596,FALSE
1.435,0,0.531093558108736,1.07614239156764,98.7901291084057,FALSE
1.44,0,0.536249229692969,1.07972896225984,99.0655729123001,FALSE
1.445,0,0.541341220383412,1.08325895467173,99.336391088361,FALSE
1.45,0,0.54637041854302,1.08673337339936,99.6026696199301,FALSE
1.455,0,0.551337703142561,1.09015320619805,99.8644929615439,FALSE
1.46,0,0.55624394361807,1.09351942411567,100.12194405448,FALSE
1.465,0,0.561089999746065,1.09683298163577,100.375104343006,FALSE
1.47,0,0.565876721535521,1.10009481682974,100.624053791251,FALSE
1.475,0,0.570604949135685,1.10330585151709,100.86887090065,FALSE
1.48,0,0.575275512758817,1.10646699143319,101.109632727878,FALSE
1.485,0,0.579889232617008,1.10957912640359,101.346414903228,FALSE
1.49,0,0.58444691887224,1.1126431305244,101.579291649378,FALSE
1.495,0,0.588949371598908,1.11565986234794,101.808335800484,FALSE
1.5,0,0.593397380758048,1.1186301650731,102.033618821559,FALSE
1.505,0,0.597791726182539,1.12155486673993,102.255210828096,FALSE
1.51,0,0.60213317757262,1.12443478042769,102.473180605877,FALSE
1.515,0,0.606422494501033,1.12727070445615,102.687595630943,FALSE
1.52,0,0.610660426427188,1.13006342258942,102.898522089687,FALSE
1.525,0,0.614847712719756,1.13281370424197,103.10602489902,FALSE
1.53,0,0.618985082687104,1.1355223046865,103.310167726596,FALSE
1.535,0,0.623073255615058,1.13818996526308,103.511013011059,FALSE
1.54,0,0.62711294081146,1.14081741358939,103.708621982278,FALSE
1.545,0,0.631104837657047,1.14340536377166,103.903054681558,FALSE
1.55,0,0.635049635662173,1.14595451661587,104.094369981789,FALSE
1.555,0,0.638948014528957,1.1484655598392,104.282625607518,FALSE
1.56,0,0.642800644218413,1.15093916828117,104.467878154928,FALSE
1.565,0,0.646608185022195,1.15337600411439,104.650183111697,FALSE
1.57,0,0.650371287638559,1.15577671705463,104.82959487672,FALSE
1.575,0,0.654090593252204,1.15814194457007,105.006166779692,FALSE
1.58,0,0.657766733617642,1.16047231208938,105.179951100518,FALSE
1.585,0,0.661400331145802,1.16276843320863,105.350999088551,FALSE
1.59,0,0.664991998993536,1.16503090989672,105.519360981644,FALSE
1.595,0,0.668542341155781,1.16726033269933,105.685086025001,FALSE
1.6,0,0.672051952560077,1.16945728094104,105.848222489821,FALSE
1.605,0,0.675521419163208,1.17162232292572,106.008817691726,FALSE
1.61,0,0.678951318049727,1.17375601613491,106.166918008964,FALSE
1.615,0,0.68234221753213,1.17585890742421,106.322568900385,FALSE
1.62,0,0.685694677252483,1.17793153321745,106.475814923176,FALSE
1.625,0,0.689009248285294,1.17997441969875,106.626699750358,FALSE
1.63,0,0.692286473241447,1.18198808300213,106.775266188036,FALSE
1.635,0,0.695526886373022,1.18397302939893,106.921556192398,FALSE
1.64,0,0.69873101367884,1.18592975548264,107.065610886469,FALSE
1.645,0,0.701899373010582,1.18785874835144,107.207470576596,FALSE
1.65,0,0.705032474179317,1.18976048578807,107.347174768692,FALSE
1.655,0,0.708130819062345,1.19163543643723,107.48476218421,FALSE
1.66,0,0.71119490171018,1.19348405998044,107.620270775861,FALSE
1.665,0,0.7142252084536,1.19530680730819,107.753737743078,FALSE
1.67,0,0.717222218010624,1.19710412068959,107.885199547209,FALSE
1.675,0,0.720186401593326,1.1988764339393,108.014691926459,FALSE
1.68,0,0.72311822301439,1.20062417258187,108.142249910571,FALSE
1.685,0,0.72601813879332,1.20234775401339,108.267907835245,FALSE
1.69,0,0.728886598262216,1.20404758766053,108.391699356304,FALSE
1.695,0,0.731724043671048,1.2057240751369,108.513657463602,FALSE
1.7,0,0.73453091029235,1.20737761039678,108.633814494678,FALSE
1.705,0,0.737307626525277,1.20900857988623,108.752202148161,FALSE
1.71,0,0.740054613998961,1.21061736269157,108.868851496916,FALSE
1.715,0,0.742772287675111,1.21220433068522,108.983793000954,FALSE
1.72,0,0.745461055949811,1.21376984866899,109.097056520089,FALSE
1.725,0,0.748121320754462,1.21531427451479,109.208671326352,FALSE
1.73,0,0.750753477655833,1.21683795930276,109.318666116168,FALSE
1.735,0,0.753357915955184,1.2183412474569,109.427069022294,FALSE
1.74,0,0.755935018786418,1.21982447687819,109.533907625522,FALSE
1.745,0,0.75848516321324,1.22128797907519,109.639208966151,FALSE
1.75,0,0.76100872032529,1.22273207929222,109.742999555233,FALSE
1.755,0,0.763506055333224,1.22415709663513,109.845305385589,FALSE
1.76,0,0.76597752766273,1.22556334419462,109.946151942606,FALSE
1.765,0,0.768423491047445,1.22695112916723,110.045564214817,FALSE
1.77,0,0.77084429362077,1.22832075297399,110.143566704261,FALSE
1.775,0,0.773240278006559,1.22967251137671,110.240183436635,FALSE
1.78,0,0.775611781408675,1.23100669459211,110.335437971237,FALSE
1.785,0,0.777959135699394,1.23232358740357,110.429353410701,FALSE
1.79,0,0.780282667506668,1.23362346927078,110.521952410532,FALSE
1.795,0,0.782582698300216,1.23490661443715,110.613257188444,FALSE
1.8,0,0.784859544476451,1.2361732920351,110.7032895335,FALSE
1.805,0,0.787113517442246,1.23742376618925,110.792070815062,FALSE
1.81,0,0.789344923697517,1.23865829611751,110.879621991555,FALSE
1.815,0,0.791554064916645,1.23987713623016,110.965963619041,FALSE
1.82,0,0.79374123802872,1.24108053622688,111.051115859619,FALSE
1.825,0,0.795906735296619,1.24226874119188,111.135098489636,FALSE
1.83,0,0.798050844394919,1.24344199168698,111.217930907738,FALSE
1.835,0,0.800173848486646,1.24460052384292,111.299632142737,FALSE
1.84,0,0.802276026298864,1.24574456944866,111.380220861314,FALSE
1.845,0,0.80435765219712,1.24687435603898,111.45971537556,FALSE
1.85,0,0.806418996258736,1.24799010698015,111.538133650355,FALSE
1.855,0,0.808460324344966,1.24909204155391,111.615493310582,FALSE
1.86,0,0.810481898172027,1.2501803750397,111.691811648195,FALSE
1.865,0,0.812483975381005,1.25125531879514,111.767105629127,FALSE
1.87,0,0.814466809606646,1.2523170803349,111.841391900057,FALSE
1.875,0,0.816430650545053,1.25336586340787,111.914686795022,FALSE
1.88,0,0.818375744020283,1.25440186807278,111.987006341892,FALSE
1.885,0,0.820302332049866,1.25542529077218,112.058366268704,FALSE
1.89,0,0.822210652909255,1.25643632440491,112.128782009857,FALSE
1.895,0,0.824100941195207,1.25743515839705,112.198268712176,FALSE
1.9,0,0.825973427888134,1.25842197877138,112.266841240839,FALSE
1.905,0,0.827828340413399,1.25939696821537,112.334514185181,FALSE
1.91,0,0.829665902701597,1.26036030614776,112.401301864369,FALSE
1.915,0,0.83148633524783,1.26131216878374,112.467218332953,FALSE
1.92,0,0.833289855169972,1.26225272919874,112.532277386298,FALSE
1.925,0,0.835076676265952,1.26318215739088,112.596492565901,FALSE
1.93,0,0.83684700907007,1.26410062034215,112.659877164581,FALSE
1.935,0,0.838601060908339,1.26500828207823,112.722444231572,FALSE
1.94,0,0.840339035952894,1.26590530372713,112.784206577492,FALSE
1.945,0,0.842061135275454,1.26679184357648,112.84517677921,FALSE
1.95,0,0.843767556899874,1.26766805712976,112.905367184606,FALSE
1.955,0,0.845458495853778,1.26853409716121,112.964789917229,FALSE
1.96,0,0.847134144219301,1.26939011376965,113.023456880849,FALSE
1.965,0,0.848794691182957,1.27023625443118,113.081379763915,FALSE
1.97,0,0.850440323084623,1.2710726640507,113.138570043915,FALSE
1.975,0,0.852071223465683,1.27189948501242,113.195038991639,FALSE
1.98,0,0.853687573116313,1.27271685722925,113.250797675351,FALSE
1.985,0,0.855289550121957,1.27352491819117,113.305856964871,FALSE
1.99,0,0.856877329908962,1.27432380301259,113.360227535565,FALSE
1.995,0,0.858451085289434,1.27511364447867,113.413919872256,FALSE
2,0,0.860010986505282,1.27589457309076,113.46694427304,FALSE
2.005,0,0.8615572012715,1.27666671711075,113.519310853027,FALSE
2.01,0,0.863089894818673,1.27743020260461,113.571029548,FALSE
2.015,0,0.864609229934734,1.27818515348491,113.62211011799,FALSE
2.02,0,0.86611536700598,1.27893169155256,113.672562150779,FALSE
2.025,0,0.867608464057363,1.27966993653756,113.722395065326,FALSE
2.03,0,0.869088676792057,1.28040000613897,113.771618115117,FALSE
2.035,0,0.870556158630329,1.281122016064,113.820240391445,FALSE
2.04,0,0.872011060747715,1.28183608006632,113.868270826618,FALSE
2.045,0,0.873453532112511,1.28254230998356,113.915718197098,FALSE
2.05,0,0.874883719522606,1.28324081577394,113.962591126576,FALSE
2.055,0,0.876301767641647,1.28393170555231,114.008898088972,FALSE
2.06,0,0.877707819034564,1.28461508562524,114.054647411384,FALSE
2.065,0,0.879102014202462,1.28529106052552,114.099847276959,FALSE
2.07,0,0.880484491616882,1.2859597330459,114.144505727713,FALSE
2.075,0,0.881855387753459,1.2866212042721,114.188630667289,FALSE
2.08,0,0.883214837124973,1.28727557361512,114.232229863651,FALSE
2.085,0,0.884562972313808,1.287922938843,114.275310951728,FALSE
2.09,0,0.885899924003834,1.28856339611176,114.317881435994,FALSE
2.095,0,0.887225821011718,1.28919703999577,114.359948692996,FALSE
2.1,0,0.888540790317673,1.28982396351755,114.401519973835,FALSE
2.105,0,0.889844957095657,1.29044425817683,114.442602406581,FALSE
2.11,0,0.89113844474304,1.29105801397913,114.483202998648,FALSE
2.115,0,0.892421374909724,1.29166531946366,114.523328639115,FALSE
2.12,0,0.893693867526763,1.29226626173068,114.562986100994,FALSE
2.125,0,0.894956040834453,1.29286092646833,114.602182043459,FALSE
2.13,0,0.896208011409933,1.29344939797884,114.640923014018,FALSE
2.135,0,0.89744989419429,1.29403175920426,114.679215450646,FALSE
2.14,0,0.898681802519174,1.29460809175163,114.717065683871,FALSE
2.145,0,0.899903848132945,1.29517847591765,114.754479938816,FALSE
2.15,0,0.901116141226355,1.29574299071285,114.791464337198,FALSE
2.155,0,0.902318790457765,1.29630171388523,114.828024899286,FALSE
2.16,0,0.903511902977919,1.29685472194348,114.864167545819,FALSE
2.165,0,0.904695584454274,1.29740209017967,114.899898099878,FALSE
2.17,0,0.9058699390949,1.2979438926915,114.935222288729,FALSE
2.175,0,0.907035069671951,1.29848020240413,114.970145745619,FALSE
2.18,0,0.908191077544723,1.29901109109149,115.004674011538,FALSE
2.185,0,0.909338062682302,1.29953662939725,115.038812536946,FALSE
2.19,0,0.910476123685807,1.30005688685532,115.07256668346,FALSE
2.195,0,0.911605357810243,1.30057193190989,115.10594172551,FALSE
2.2,0,0.912725860985966,1.30108183193519,115.138942851961,FALSE
2.205,0,0.913837727839767,1.30158665325471,115.171575167695,FALSE
2.21,0,0.914941051715583,1.30208646116016,115.203843695171,FALSE
2.215,0,0.916035924694848,1.30258131992994,115.235753375944,FALSE
2.22,0,0.917122437616474,1.30307129284734,115.267309072157,FALSE
2.225,0,0.918200680096491,1.30355644221831,115.298515568001,FALSE
2.23,0,0.919270740547338,1.30403682938888,115.329377571149,FALSE
2.235,0,0.92033270619681,1.30451251476227,115.359899714152,FALSE
2.24,0,0.921386663106675,1.30498355781563,115.390086555816,FALSE
2.245,0,0.922432696190972,1.30545001711646,115.419942582545,FALSE
2.25,0,0.923470889233973,1.30591195033869,115.449472209662,FALSE
2.255,0,0.924501324907845,1.30636941427847,115.478679782695,FALSE
2.26,0,0.925524084789996,1.30682246486962,115.507569578647,FALSE
2.265,0,0.926539249380117,1.30727115719876,115.536145807231,FALSE
2.27,0,0.927546898116934,1.30771554552025,115.564412612087,FALSE
2.275,0,0.928547109394657,1.30815568327064,115.592374071973,FALSE
2.28,0,0.929539960579154,1.30859162308305,115.620034201925,FALSE
2.285,0,0.93052552802384,1.30902341680114,115.647396954409,FALSE
2.29,0,0.931503887085284,1.3094511154928,115.674466220432,FALSE
2.295,0,0.932475112138556,1.30987476946365,115.701245830644,FALSE
2.3,0,0.933439276592301,1.31029442827026,115.727739556414,FALSE
2.305,0,0.934396452903556,1.31071014073301,115.75395111088,FALSE
2.31,0,0.935346712592309,1.31112195494887,115.779884149986,FALSE
2.315,0,0.936290126255809,1.31152991830379,115.805542273494,FALSE
2.32,0,0.93722676358263,1.31193407748491,115.830929025975,FALSE
2.325,0,0.938156693366489,1.31233447849256,115.856047897783,FALSE
2.33,0,0.939079983519832,1.31273116665197,115.880902326008,FALSE
2.335,0,0.939996701087187,1.31312418662476,115.905495695413,FALSE
2.34,0,0.940906912258284,1.31351358242031,115.929831339348,FALSE
2.345,0,0.941810682380952,1.31389939740674,115.95391254065,FALSE
2.35,0,0.942708075973805,1.31428167432186,115.977742532525,FALSE
2.355,0,0.943599156738693,1.31466045528374,116.001324499408,FALSE
2.36,0,0.944483987572964,1.31503578180126,116.024661577815,FALSE
2.365,0,0.945362630581497,1.31540769478429,116.04775685717,FALSE
2.37,0,0.946235147088548,1.31577623455376,116.070613380621,FALSE
2.375,0,0.947101597649382,1.31614144085158,116.093234145838,FALSE
2.38,0,0.947962042061715,1.31650335285027,116.115622105793,FALSE
2.385,0,0.948816539376966,1.31686200916247,116.137780169535,FALSE
2.39,0,0.949665147911308,1.31721744785028,116.159711202937,FALSE
2.395,0,0.950507925256549,1.31756970643442,116.181418029436,FALSE
2.4,0,0.951344928290814,1.31791882190314,116.202903430759,FALSE
2.405,0,0.952176213189059,1.3182648307211,116.224170147632,FALSE
2.41,0,0.953001835433406,1.31860776883798,116.245220880479,FALSE
2.415,0,0.953821849823303,1.31894767169695,116.266058290101,FALSE
2.42,0,0.954636310485515,1.31928457424302,116.286684998352,FALSE
2.425,0,0.955445270883955,1.31961851093119,116.307103588795,FALSE
2.43,0,0.956248783829336,1.31994951573448,116.327316607346,FALSE
2.435,0,0.957046901488684,1.32027762215179,116.347326562906,FALSE
2.44,0,0.957839675394676,1.32060286321561,116.367135927987,FALSE
2.445,0,0.958627156454828,1.32092527149964,116.386747139317,FALSE
2.45,0,0.959409394960537,1.32124487912621,116.40616259844,FALSE
2.455,0,0.960186440595967,1.32156171777356,116.425384672302,FALSE
2.46,0,0.960958342446792,1.32187581868306,116.444415693825,FALSE
2.465,0,0.961725149008793,1.32218721266622,116.463257962476,FALSE
2.47,0,0.962486908196319,1.3224959301116,116.481913744816,FALSE
2.475,0,0.963243667350602,1.32280200099161,116.500385275051,FALSE
2.48,0,0.96399547324794,1.32310545486917,116.518674755556,FALSE
2.485,0,0.964742372107749,1.32340632090423,116.536784357409,FALSE
2.49,0,0.96548440960048,1.32370462786024,116.554716220899,FALSE
2.495,0,0.966221630855407,1.3240004041104,116.572472456032,FALSE
2.5,0,0.966954080468288,1.3242936776439,116.590055143027,FALSE
2.505,0,0.967681802508909,1.32458447607195,116.607466332801,FALSE
2.51,0,0.968404840528496,1.32487282663383,116.624708047449,FALSE
2.515,0,0.969123237567014,1.32515875620267,116.641782280709,FALSE
2.52,0,0.969837036160342,1.32544229129127,116.658690998422,FALSE
2.525,0,0.970546278347343,1.32572345805773,116.675436138988,FALSE
2.53,0,0.971251005676807,1.32600228231102,116.692019613804,FALSE
2.535,0,0.971951259214297,1.32627878951641,116.708443307702,FALSE
2.54,0,0.97264707954887,1.32655300480089,116.724709079374,FALSE
2.545,0,0.973338506799704,1.32682495295835,116.740818761794,FALSE
2.55,0,0.974025580622611,1.32709465845483,116.75677416263,FALSE
2.555,0,0.974708340216452,1.32736214543357,116.772577064644,FALSE
2.56,0,0.975386824329443,1.32762743772,116.788229226095,FALSE
2.565,0,0.976061071265369,1.32789055882662,116.803732381124,FALSE
2.57,0,0.976731118889691,1.32815153195788,116.81908824014,FALSE
2.575,0,0.977397004635569,1.32841038001487,116.834298490196,FALSE
2.58,0,0.978058765509771,1.32866712559996,116.849364795357,FALSE
2.585,0,0.97871643809851,1.3289217910214,116.864288797062,FALSE
2.59,0,0.979370058573172,1.32917439829779,116.879072114483,FALSE
2.595,0,0.980019662695967,1.32942496916252,116.893716344872,FALSE
2.6,0,0.98066528582548,1.32967352506806,116.908223063907,FALSE
2.605,0,0.981306962922146,1.32992008719027,116.922593826029,FALSE
2.61,0,0.981944728553631,1.33016467643253,116.936830164772,FALSE
2.615,0,0.982578616900134,1.33040731342992,116.950933593092,FALSE
2.62,0,0.983208661759606,1.3306480185532,116.964905603683,FALSE
2.625,0,0.983834896552885,1.33088681191286,116.978747669294,FALSE
2.63,0,0.984457354328755,1.33112371336293,116.992461243039,FALSE
2.635,0,0.985076067768925,1.3313587425049,117.006047758696,FALSE
2.64,0,0.985691069192932,1.33159191869147,117.01950863101,FALSE
2.645,0,0.986302390562966,1.33182326103024,117.032845255983,FALSE
2.65,0,0.986910063488627,1.33205278838737,117.046059011162,FALSE
2.655,0,0.9875141192316,1.33228051939118,117.059151255925,FALSE
2.66,0,0.988114588710266,1.33250647243565,117.072123331754,FALSE
2.665,0,0.988711502504236,1.3327306656839,117.084976562511,FALSE
2.67,0,0.989304890858826,1.33295311707159,117.097712254707,FALSE
2.675,0,0.98989478368945,1.33317384431026,117.110331697763,FALSE
2.68,0,0.990481210585958,1.33339286489065,117.122836164272,FALSE
2.685,0,0.9910642008169,1.33361019608591,117.135226910252,FALSE
2.69,0,0.991643783333733,1.33382585495479,117.147505175398,FALSE
2.695,0,0.992219986774957,1.33403985834477,117.159672183325,FALSE
2.7,0,0.992792839470192,1.33425222289515,117.171729141815,FALSE
2.705,0,0.993362369444196,1.33446296504006,117.183677243049,FALSE
2.71,0,0.993928604420816,1.33467210101143,117.195517663844,FALSE
2.715,0,0.994491571826888,1.33487964684197,117.207251565884,FALSE
2.72,0,0.99505129879607,1.33508561836795,117.218880095942,FALSE
2.725,0,0.995607812172625,1.33529003123214,117.230404386105,FALSE
2.73,0,0.996161138515142,1.33549290088653,117.24182555399,FALSE
2.735,0,0.996711304100207,1.33569424259505,117.253144702962,FALSE
2.74,0,0.997258334926014,1.33589407143635,117.264362922342,FALSE
2.745,0,0.997802256715924,1.33609240230636,117.275481287614,FALSE
2.75,0,0.998343094921974,1.33628924992093,117.286500860633,FALSE
2.755,0,0.998880874728333,1.33648462881841,117.29742268982,FALSE
2.76,0,0.999415621054704,1.33667855336215,117.308247810364,FALSE
2.765,0,0.999947358559676,1.33687103774301,117.318977244414,FALSE
2.77,0,1.00047611164404,1.33706209598174,117.329612001269,FALSE
2.775,0,1.00100190445402,1.33725174193145,117.340153077565,FALSE
2.78,0,1.00152476088451,1.33743998927993,117.350601457463,FALSE
2.785,0,1.00204470458223,1.337626851552,117.360958112826,FALSE
2.79,0,1.00256175894882,1.33781234211178,117.371224003402,FALSE
2.795,0,1.00307594714393,1.33799647416493,117.381400076993,FALSE
2.8,0,1.00358729208825,1.3381792607609,117.391487269635,FALSE
2.805,0,1.00409581646647,1.33836071479508,117.401486505761,FALSE
2.81,0,1.00460154273023,1.33854084901095,117.411398698373,FALSE
2.815,0,1.00510449310102,1.33871967600219,117.421224749205,FALSE
2.82,0,1.00560468957304,1.33889720821476,117.43096554888,FALSE
2.825,0,1.00610215391598,1.33907345794896,117.440621977078,FALSE
2.83,0,1.00659690767783,1.33924843736139,117.450194902682,FALSE
2.835,0,1.0070889721876,1.33942215846698,117.459685183939,FALSE
2.84,0,1.00757836855801,1.33959463314091,117.46909366861,FALSE
2.845,0,1.00806511768814,1.33976587312057,117.478421194116,FALSE
2.85,0,1.00854924026606,1.33993589000736,117.487668587688,FALSE
2.855,0,1.0090307567714,1.34010469526864,117.496836666509,FALSE
2.86,0,1.00950968747789,1.34027230023951,117.505926237854,FALSE
2.865,0,1.00998605245589,1.34043871612462,117.514938099236,FALSE
2.87,0,1.01045987157483,1.34060395399995,117.523873038534,FALSE
2.875,0,1.01093116450567,1.34076802481452,117.532731834139,FALSE
2.88,0,1.01139995072329,1.34093093939215,117.541515255075,FALSE
2.885,0,1.01186624950887,1.34109270843315,117.550224061139,FALSE
2.89,0,1.01233007995221,1.34125334251594,117.558859003028,FALSE
2.895,0,1.01279146095404,1.34141285209872,117.567420822459,FALSE
2.9,0,1.01325041122829,1.34157124752111,117.575910252305,FALSE
2.905,0,1.01370694930433,1.34172853900565,117.584328016707,FALSE
2.91,0,1.01416109352918,1.34188473665949,117.592674831202,FALSE
2.915,0,1.01461286206968,1.34203985047581,117.600951402838,FALSE
2.92,0,1.01506227291462,1.3421938903354,117.609158430292,FALSE
2.925,0,1.0155093438769,1.34234686600817,117.617296603987,FALSE
2.93,0,1.01595409259558,1.34249878715457,117.625366606203,FALSE
2.935,0,1.01639653653794,1.34264966332705,117.633369111188,FALSE
2.94,0,1.01683669300154,1.34279950397151,117.64130478527,FALSE
2.945,0,1.01727457911618,1.3429483184287,117.649174286967,FALSE
2.95,0,1.01771021184591,1.34309611593559,117.656978267087,FALSE
2.955,0,1.01814360799096,1.34324290562673,117.664717368839,FALSE
2.96,0,1.01857478418965,1.3433886965356,117.672392227932,FALSE
2.965,0,1.01900375692031,1.34353349759593,117.680003472682,FALSE
2.97,0,1.01943054250314,1.34367731764303,117.687551724104,FALSE
2.975,0,1.01985515710203,1.343820165415,117.695037596018,FALSE
2.98,0,1.02027761672641,1.34396204955408,117.702461695142,FALSE
2.985,0,1.02069793723302,1.34410297860783,117.709824621189,FALSE
2.99,0,1.02111613432771,1.34424296103038,117.71712696696,FALSE
2.995,0,1.02153222356714,1.34438200518364,117.724369318437,FALSE
3,0,1.02194622036052,1.3445201193385,117.731552254875,FALSE
