"goal_w_CO2_per100","goal_w_MBW_min","goal_w_MBW_max","extra_MBW_phenotypic_min","extra_MBW_phenotypic_max","extra_CO2_phenotypic_per100","extra_MBW_genetic_min","extra_MBW_genetic_max","extra_CO2_genetic_per100"
-1.2,1.97,2.085,1.54734252430009,1.66234252430009,-1.57069899502542,1.13695879526578,1.25195879526578,-1.19390751314674
-1,1.78,1.92,1.35734252430009,1.49734252430009,-1.37069899502542,0.946958795265781,1.08695879526578,-0.993907513146737
-0.8,1.585,1.76,1.16234252430009,1.33734252430009,-1.17069899502542,0.75195879526578,0.926958795265781,-0.793907513146737
-0.6,1.395,1.595,0.972342524300089,1.17234252430009,-0.970698995025422,0.56195879526578,0.76195879526578,-0.593907513146737
-0.4,1.205,1.43,0.782342524300089,1.00734252430009,-0.770698995025422,0.37195879526578,0.59695879526578,-0.393907513146737
-0.2,1.035,1.265,0.612342524300089,0.842342524300089,-0.570698995025422,0.20195879526578,0.43195879526578,-0.193907513146737
0,0.86,1.1,0.437342524300089,0.677342524300089,-0.370698995025422,0.0269587952657804,0.26695879526578,0.00609248685326338
0.2,0.69,0.935,0.267342524300089,0.512342524300089,-0.170698995025422,-0.14304120473422,0.10195879526578,0.206092486853263
0.4,0.515,0.77,0.0923425243000892,0.347342524300089,0.0293010049745776,-0.31804120473422,-0.0630412047342197,0.406092486853263
0.6,0.345,0.61,-0.077657475699911,0.187342524300089,0.229301004974578,-0.48804120473422,-0.22304120473422,0.606092486853263
0.8,0.175,0.445,-0.247657475699911,0.0223425243000891,0.429301004974578,-0.65804120473422,-0.38804120473422,0.806092486853263
1,0,0.28,-0.422657475699911,-0.142657475699911,0.629301004974578,-0.83304120473422,-0.55304120473422,1.00609248685326
1.2,-0.17,0.115,-0.592657475699911,-0.307657475699911,0.829301004974577,-1.00304120473422,-0.71804120473422,1.20609248685326
