"ch4","mbw","co2"
-1.33812254975688,-1.21271394866217,-99.573331278893
-1.33812243006227,-1.21243973734129,-99.5460099032089
-1.33812207021907,-1.21216487385641,-99.5186273602684
-1.33812146908338,-1.21188935586579,-99.4911834349129
-1.33812062550478,-1.21161318101725,-99.4636779110455
-1.33811953832625,-1.21133634694807,-99.4361105716267
-1.33811820638416,-1.21105885128501,-99.408481198669
-1.33811662850825,-1.21078069164417,-99.3807895732323
-1.33811480352154,-1.21050186563099,-99.3530354754193
-1.33811273024032,-1.21022237084017,-99.32521868437
-1.33811040747408,-1.20994220485563,-99.2973389782569
-1.33810783402553,-1.20966136525043,-99.2693961342803
-1.33810500869049,-1.20937984958673,-99.241389928663
-1.33810193025787,-1.20909765541574,-99.2133201366451
-1.33809859750965,-1.20881478027762,-99.1851865324794
-1.3380950092208,-1.20853122170149,-99.1569888894257
-1.33809116415926,-1.20824697720532,-99.1287269797463
-1.33808706108591,-1.20796204429587,-99.1004005747002
-1.33808269875447,-1.20767642046866,-99.0720094445384
-1.33807807591152,-1.20739010320789,-99.0435533584981
-1.33807319129643,-1.2071030899864,-99.0150320847981
-1.33806804364129,-1.20681537826558,-98.9864453906331
-1.33806263167092,-1.20652696549532,-98.9577930421685
-1.33805695410277,-1.20623784911398,-98.9290748045349
-1.3380510096469,-1.20594802654828,-98.9002904418228
-1.33804479700593,-1.20565749521327,-98.8714397170772
-1.33803831487499,-1.20536625251225,-98.8425223922924
-1.33803156194171,-1.20507429583674,-98.8135382284059
-1.33802453688609,-1.20478162256636,-98.7844869852935
-1.33801723838053,-1.20448823006882,-98.7553684217633
-1.33800966508977,-1.20419411569984,-98.7261822955505
-1.33800181567079,-1.20389927680308,-98.6969283633114
-1.33799368877283,-1.20360371071006,-98.6676063806182
-1.33798528303728,-1.20330741474015,-98.6382161019529
-1.33797659709769,-1.20301038620042,-98.6087572807018
-1.33796762957968,-1.20271262238567,-98.5792296691498
-1.3379583791009,-1.20241412057829,-98.5496330184746
-1.33794884427098,-1.20211487804823,-98.5199670787406
-1.33793902369147,-1.20181489205291,-98.4902315988934
-1.33792891595582,-1.20151415983719,-98.4604263267541
-1.33791851964931,-1.20121267863327,-98.4305510090126
-1.33790783334897,-1.20091044566061,-98.4006053912225
-1.33789685562358,-1.20060745812592,-98.3705892177946
-1.33788558503359,-1.20030371322303,-98.3405022319912
-1.33787402013106,-1.19999920813284,-98.3103441759196
-1.33786215945962,-1.19969394002328,-98.2801147905266
-1.33785000155442,-1.19938790604919,-98.2498138155918
-1.33783754494207,-1.1990811033523,-98.2194409897221
-1.33782478814058,-1.19877352906111,-98.1889960503447
-1.33781172965931,-1.19846518029086,-98.1584787337014
-1.33779836799893,-1.19815605414342,-98.1278887748423
-1.33778470165133,-1.19784614770728,-98.0972259076193
-1.3377707290996,-1.19753545805739,-98.06648986468
-1.33775644881797,-1.19722398225516,-98.0356803774608
-1.33774185927172,-1.19691171734835,-98.0047971761814
-1.33772695891717,-1.19659866037102,-97.9738399898372
-1.33771174620157,-1.19628480834343,-97.9428085461938
-1.3376962195631,-1.19597015827198,-97.9117025717799
-1.33768037743076,-1.19565470714912,-97.8805217918809
-1.33766421822436,-1.19533845195331,-97.8492659305323
-1.33764774035442,-1.19502138964891,-97.8179347105129
-1.33763094222213,-1.1947035171861,-97.7865278533383
-1.33761382221928,-1.19438483150084,-97.7550450792543
-1.33759637872822,-1.19406532951475,-97.7234861072295
-1.33757861012179,-1.19374500813506,-97.6918506549493
-1.33756051476324,-1.19342386425453,-97.6601384388085
-1.33754209100619,-1.19310189475133,-97.6283491739045
-1.33752333719457,-1.19277909648904,-97.5964825740307
-1.33750425166255,-1.19245546631649,-97.564538351669
-1.33748483273445,-1.19213100106773,-97.5325162179832
-1.33746507872475,-1.19180569756194,-97.5004158828117
-1.33744498793795,-1.19147955260331,-97.4682370546607
-1.33742455866855,-1.19115256298103,-97.4359794406967
-1.33740378920096,-1.19082472546913,-97.4036427467395
-1.33738267780947,-1.19049603682646,-97.371226677255
-1.33736122275813,-1.19016649379658,-97.3387309353479
-1.33733942230074,-1.18983609310767,-97.3061552227544
-1.33731727468075,-1.18950483147244,-97.2734992398347
-1.33729477813122,-1.18917270558809,-97.2407626855659
-1.33727193087472,-1.18883971213616,-97.2079452575343
-1.33724873112327,-1.18850584778249,-97.1750466519281
-1.33722517707831,-1.18817110917714,-97.1420665635297
-1.33720126693056,-1.18783549295425,-97.1090046857082
-1.33717699886004,-1.187498995732,-97.0758607104117
-1.33715237103591,-1.18716161411252,-97.0426343281601
-1.33712738161646,-1.18682334468176,-97.0093252280364
-1.33710202874904,-1.18648418400946,-96.9759330976802
-1.33707631056993,-1.18614412864902,-96.9424576232787
-1.33705022520435,-1.18580317513741,-96.9088984895598
-1.33702377076631,-1.1854613199951,-96.8752553797836
-1.33699694535861,-1.18511855972597,-96.8415279757347
-1.3369697470727,-1.18477489081717,-96.8077159577142
-1.33694217398865,-1.1844303097391,-96.7738190045317
-1.33691422417506,-1.18408481294526,-96.7398367934971
-1.336885895689,-1.18373839687219,-96.7057690004124
-1.33685718657591,-1.18339105793936,-96.6716152995639
-1.33682809486952,-1.18304279254908,-96.6373753637135
-1.33679861859184,-1.18269359708638,-96.6030488640907
-1.33676875575298,-1.18234346791898,-96.5686354703842
-1.33673850435115,-1.18199240139712,-96.5341348507335
-1.33670786237257,-1.1816403938535,-96.4995466717207
-1.33667682779135,-1.18128744160318,-96.4648705983613
-1.33664539856946,-1.18093354094347,-96.4301062940969
-1.33661357265663,-1.18057868815386,-96.3952534207853
-1.33658134799026,-1.18022287949588,-96.3603116386927
-1.33654872249535,-1.17986611121302,-96.325280606485
-1.33651569408443,-1.17950837953064,-96.2901599812185
-1.33648226065746,-1.17914968065585,-96.2549494183317
-1.33644842010173,-1.17879001077742,-96.2196485716361
-1.33641417029184,-1.17842936606568,-96.1842570933077
-1.33637950908954,-1.17806774267238,-96.1487746338774
-1.3363444343437,-1.17770513673067,-96.1132008422226
-1.33630894389021,-1.17734154435488,-96.0775353655581
-1.33627303555187,-1.17697696164053,-96.0417778494267
-1.33623670713834,-1.17661138466414,-96.00592793769
-1.33619995644604,-1.17624480948316,-95.9699852725197
-1.33616278125805,-1.17587723213588,-95.9339494943877
-1.33612517934402,-1.17550864864127,-95.8978202420573
-1.33608714846013,-1.17513905499891,-95.8615971525733
-1.33604868634893,-1.17476844718889,-95.8252798612532
-1.3360097907393,-1.17439682117166,-95.7888680016771
-1.33597045934633,-1.17402417288797,-95.7523612056785
-1.33593068987125,-1.1736504982587,-95.7157591033345
-1.33589048000133,-1.17327579318481,-95.6790613229563
-1.33584982740978,-1.17290005354718,-95.6422674910795
-1.33580872975566,-1.17252327520652,-95.6053772324539
-1.33576718468381,-1.17214545400325,-95.5683901700344
-1.3357251898247,-1.17176658575738,-95.5313059249704
-1.33568274279441,-1.17138666626843,-95.4941241165961
-1.33563984119446,-1.17100569131525,-95.4568443624208
-1.33559648261175,-1.17062365665597,-95.4194662781182
-1.33555266461848,-1.17024055802781,-95.3819894775168
-1.335508384772,-1.16985639114706,-95.3444135725893
-1.33546364061476,-1.16947115170885,-95.3067381734428
-1.3354184296742,-1.16908483538713,-95.2689628883078
-1.33537274946261,-1.16869743783448,-95.2310873235288
-1.3353265974771,-1.16830895468202,-95.1931110835528
-1.33527997119942,-1.16791938153929,-95.1550337709194
-1.33523286809591,-1.1675287139941,-95.1168549862501
-1.3351852856174,-1.16713694761245,-95.0785743282379
-1.33513722119907,-1.16674407793838,-95.0401913936361
-1.33508867226036,-1.16635010049384,-95.0017057772479
-1.33503963620488,-1.16595501077857,-94.9631170719154
-1.33499011042028,-1.16555880426998,-94.924424868509
-1.33494009227817,-1.16516147642304,-94.8856287559161
-1.33488957913398,-1.16476302267009,-94.8467283210301
-1.33483856832688,-1.1643634384208,-94.8077231487397
-1.33478705717965,-1.16396271906197,-94.7686128219174
-1.33473504299859,-1.16356085995741,-94.7293969214081
-1.33468252307337,-1.16315785644784,-94.6900750260185
-1.33462949467698,-1.16275370385076,-94.650646712505
-1.33457595506555,-1.16234839746025,-94.6111115555626
-1.3345219014783,-1.16194193254693,-94.5714691278137
-1.33446733113738,-1.16153430435776,-94.5317189997958
-1.33441224124775,-1.16112550811592,-94.4918607399508
-1.33435662899711,-1.16071553902069,-94.4518939146123
-1.33430049155576,-1.16030439224731,-94.4118180879949
-1.33424382607645,-1.15989206294682,-94.3716328221814
-1.33418662969432,-1.15947854624594,-94.3313376771114
-1.33412889952672,-1.15906383724694,-94.2909322105693
-1.33407063267315,-1.15864793102747,-94.2504159781722
-1.33401182621509,-1.15823082264045,-94.2097885333575
-1.33395247721591,-1.1578125071139,-94.1690494273713
-1.33389258272072,-1.15739297945084,-94.1281982092556
-1.33383213975626,-1.15697223462907,-94.087234425836
-1.3337711453308,-1.15655026760113,-94.0461576217098
-1.33370959643396,-1.15612707329407,-94.0049673392328
-1.33364749003662,-1.15570264660931,-93.9636631185072
-1.33358482309079,-1.15527698242256,-93.9222444973689
-1.33352159252949,-1.1548500755836,-93.8807110113745
-1.33345779526658,-1.15442192091616,-93.8390621937891
-1.33339342819667,-1.15399251321778,-93.7972975755726
-1.33332848819498,-1.15356184725962,-93.7554166853676
-1.3332629721172,-1.15312991778637,-93.7134190494859
-1.33319687679935,-1.15269671951604,-93.6713041918953
-1.33313019905768,-1.15226224713983,-93.629071634207
-1.33306293568848,-1.15182649532199,-93.5867208956617
-1.33299508346799,-1.15138945869963,-93.5442514931166
-1.33292663915225,-1.15095113188258,-93.501662941032
-1.33285759947696,-1.15051150945327,-93.4589547514576
-1.33278796115732,-1.15007058596649,-93.4161264340193
-1.33271772088794,-1.14962835594931,-93.3731774959051
-1.33264687534263,-1.14918481390086,-93.3301074418517
-1.33257542117434,-1.14873995429223,-93.2869157741306
-1.33250335501492,-1.14829377156625,-93.243601992534
-1.33243067347508,-1.14784626013735,-93.2001655943611
-1.33235737314416,-1.14739741439139,-93.1566060744041
-1.33228345059001,-1.14694722868552,-93.1129229249336
-1.33220890235888,-1.14649569734798,-93.0691156356848
-1.3321337249752,-1.14604281467795,-93.0251836938432
-1.33205791494151,-1.14558857494537,-92.9811265840298
-1.33198146873822,-1.1451329723908,-92.9369437882869
-1.33190438282356,-1.1446760012252,-92.8926347860637
-1.33182665363333,-1.1442176556298,-92.8481990542013
-1.33174827758081,-1.14375792975593,-92.803636066918
-1.33166925105656,-1.14329681772479,-92.7589452957948
-1.33158957042833,-1.14283431362736,-92.7141262097602
-1.33150923204081,-1.14237041152416,-92.6691782750752
-1.33142823221556,-1.14190510544508,-92.6241009553183
-1.33134656725078,-1.14143838938924,-92.5788937113702
-1.33126423342118,-1.14097025732478,-92.5335560013989
-1.33118122697785,-1.14050070318866,-92.4880872808437
-1.33109754414802,-1.14002972088655,-92.4424870024004
-1.33101318113496,-1.13955730429257,-92.3967546160052
-1.33092813411778,-1.13908344724915,-92.3508895688197
-1.33084239925129,-1.13860814356684,-92.3048913052144
-1.33075597266581,-1.1381313870241,-92.2587592667537
-1.33066885046698,-1.13765317136717,-92.2124928921793
-1.33058102873566,-1.1371734903098,-92.1660916173946
-1.33049250352767,-1.13669233753314,-92.1195548754485
-1.33040327087369,-1.13620970668549,-92.0728820965193
-1.33031332677903,-1.13572559138217,-92.0260727078981
-1.33022266722349,-1.13523998520525,-91.9791261339728
-1.33013128816117,-1.13475288170343,-91.9320417962115
-1.33003918552029,-1.13426427439179,-91.8848191131459
-1.32994635520301,-1.13377415675164,-91.8374575003546
-1.32985279308525,-1.13328252223029,-91.7899563704462
-1.32975849501652,-1.13278936424086,-91.742315133043
-1.32966345681969,-1.13229467616208,-91.6945331947632
-1.32956767429087,-1.1317984513381,-91.6466099592048
-1.32947114319918,-1.13130068307827,-91.5985448269275
-1.32937385928657,-1.13080136465696,-91.5503371954361
-1.32927581826764,-1.13030048931333,-91.5019864591629
-1.32917701582943,-1.12979805025115,-91.4534920094504
-1.32907744763125,-1.12929404063856,-91.4048532345333
-1.32897710930447,-1.12878845360789,-91.3560695195215
-1.32887599645233,-1.12828128225546,-91.3071402463817
-1.32877410464975,-1.12777251964132,-91.2580647939201
-1.32867142944313,-1.12726215878909,-91.2088425377641
-1.32856796635012,-1.12675019268572,-91.1594728503442
-1.32846371085948,-1.12623661428129,-91.109955100876
-1.32835865843081,-1.12572141648878,-91.060288655342
-1.3282528044944,-1.12520459218386,-91.0104728764729
-1.328146144451,-1.12468613420466,-90.9605071237292
-1.32803867367161,-1.12416603535158,-90.9103907532831
-1.32793038749727,-1.12364428838704,-90.860123117999
-1.32782128123888,-1.12312088603527,-90.8097035674152
-1.32771135017693,-1.12259582098209,-90.7591314477251
-1.32760058956136,-1.12206908587467,-90.7084061017577
-1.32748899461128,-1.12154067332132,-90.657526868959
-1.32737656051479,-1.12101057589125,-90.6064930853721
-1.32726328242875,-1.12047878611436,-90.5553040836188
-1.32714915547857,-1.11994529648098,-90.5039591928792
-1.32703417475797,-1.11941009944167,-90.4524577388727
-1.32691833532878,-1.11887318740696,-90.4007990438381
-1.32680163222069,-1.11833455274713,-90.348982426514
-1.32668406043105,-1.11779418779199,-90.2970072021187
-1.32656561492464,-1.11725208483059,-90.2448726823304
-1.3264462906334,-1.11670823611106,-90.1925781752667
-1.32632608245625,-1.11616263384028,-90.1401229854649
-1.32620498525884,-1.11561527018372,-90.0875064138612
-1.32608299387329,-1.11506613726516,-90.0347277577705
-1.32596010309801,-1.11451522716642,-89.9817863108658
-1.32583630769739,-1.11396253192716,-89.9286813631572
-1.32571160240163,-1.11340804354464,-89.8754122009718
-1.32558598190643,-1.1128517539734,-89.8219781069318
-1.32545944087282,-1.11229365512509,-89.7683783599344
-1.32533197392686,-1.11173373886818,-89.71461223513
-1.3252035756594,-1.1111719970277,-89.6606790039013
-1.32507424062585,-1.11060842138501,-89.6065779338419
-1.32494396334593,-1.11004300367754,-89.5523082887343
-1.3248127383034,-1.1094757355985,-89.4978693285291
-1.32468055994582,-1.10890660879668,-89.4432603093225
-1.32454742268427,-1.10833561487612,-89.3884804833349
-1.32441332089313,-1.10776274539592,-89.3335290988888
-1.32427824890978,-1.10718799186992,-89.2784054003866
-1.32414220103438,-1.10661134576647,-89.2231086282886
-1.32400517152958,-1.10603279850812,-89.1676380190904
-1.32386715462024,-1.10545234147143,-89.1119928053005
-1.32372814449319,-1.10486996598662,-89.056172215418
-1.32358813529697,-1.10428566333734,-89.0001754739095
-1.32344712114151,-1.10369942476039,-88.9440018011866
-1.32330509609789,-1.10311124144545,-88.8876504135827
-1.32316205419809,-1.1025211045348,-88.83112052333
-1.32301798943465,-1.10192900512304,-88.7744113385365
-1.32287289576044,-1.10133493425682,-88.7175220631623
-1.32272676708835,-1.10073888293455,-88.6604518969966
-1.32257959729103,-1.10014084210612,-88.6032000356336
-1.32243138020058,-1.09954080267264,-88.5457656704497
-1.32228210960828,-1.09893875548611,-88.4881479885783
-1.3221317792643,-1.09833469134916,-88.4303461728874
-1.32198038287739,-1.09772860101479,-88.3723594019543
-1.3218279141146,-1.09712047518601,-88.3141868500422
-1.32167436660099,-1.09651030451561,-88.2558276870754
-1.32151973391932,-1.09589807960586,-88.197281078615
-1.32136400960975,-1.09528379100817,-88.1385461858346
-1.32120718716953,-1.09466742922284,-88.079622165495
-1.32104926005272,-1.09404898469876,-88.02050816992
-1.32089022166986,-1.09342844783308,-87.9612033469712
-1.32073006538767,-1.09280580897093,-87.9017068400225
-1.32056878452873,-1.09218105840512,-87.8420177879357
-1.32040637237117,-1.09155418637583,-87.7821353250345
-1.32024282214837,-1.0909251830703,-87.7220585810793
-1.32007812704861,-1.09029403862253,-87.6617866812414
-1.31991228021479,-1.08966074311296,-87.6013187460778
-1.31974527474405,-1.08902528656817,-87.5406538915046
-1.31957710368751,-1.08838765896056,-87.4797912287715
-1.31940776004988,-1.08774785020804,-87.4187298644356
-1.31923723678917,-1.08710585017372,-87.3574689003349
-1.31906552681638,-1.08646164866557,-87.2960074335624
-1.31889262299507,-1.08581523543612,-87.2343445564391
-1.31871851814113,-1.08516660018214,-87.1724793564876
-1.31854320502239,-1.0845157325443,-87.1104109164054
-1.31836667635827,-1.08386262210687,-87.0481383140377
-1.31818892481944,-1.08320725839737,-86.9856606223508
-1.31800994302751,-1.08254963088626,-86.9229769094045
-1.31782972355463,-1.08188972898658,-86.8600862383251
-1.31764825892316,-1.08122754205368,-86.7969876672776
-1.31746554160532,-1.08056305938481,-86.7336802494388
-1.31728156402283,-1.07989627021885,-86.670163032969
-1.31709631854653,-1.07922716373592,-86.6064350609842
-1.31690979749606,-1.0785557290571,-86.5424953715287
-1.31672199313945,-1.07788195524403,-86.4783429975465
-1.31653289769279,-1.0772058312986,-86.413976966853
-1.31634250331983,-1.07652734616263,-86.3493963021073
-1.31615080213162,-1.07584648871745,-86.2846000207828
-1.31595778618614,-1.07516324778365,-86.2195871351394
-1.31576344748792,-1.07447761212064,-86.1543566521945
-1.31556777798765,-1.07378957042637,-86.0889075736937
-1.31537076958181,-1.07309911133693,-86.0232388960825
-1.31517241411227,-1.07240622342622,-85.9573496104767
-1.31497270336592,-1.07171089520561,-85.8912387026331
-1.31477162907424,-1.07101311512352,-85.8249051529205
-1.31456918291296,-1.07031287156514,-85.7583479362897
-1.31436535650163,-1.06961015285201,-85.691566022244
-1.31416014140321,-1.06890494724168,-85.6245583748098
-1.31395352912371,-1.06819724292736,-85.5573239525058
-1.31374551111174,-1.06748702803752,-85.4898617083142
-1.31353607875811,-1.06677429063554,-85.422170589649
-1.31332522339547,-1.06605901871936,-85.3542495383272
-1.3131129362978,-1.06534120022107,-85.2860974905371
-1.31289920868009,-1.06462082300655,-85.2177133768085
-1.31268403169786,-1.06389787487513,-85.1490961219821
-1.31246739644676,-1.06317234355915,-85.0802446451778
-1.31224929396215,-1.06244421672363,-85.0111578597646
-1.31202971521864,-1.06171348196587,-84.9418346733293
-1.3118086511297,-1.06098012681509,-84.8722739876452
-1.3115860925472,-1.06024413873201,-84.8024746986406
-1.31136203026099,-1.0595055051085,-84.7324356963678
-1.31113645499842,-1.05876421326715,-84.662155864971
-1.31090935742395,-1.05802025046093,-84.5916340826552
-1.31068072813868,-1.05727360387277,-84.5208692216537
-1.3104505576799,-1.05652426061519,-84.4498601481967
-1.31021883652061,-1.05577220772986,-84.3786057224788
-1.30998555506913,-1.05501743218726,-84.3071047986272
-1.30975070366858,-1.05425992088625,-84.235356224669
-1.30951427259646,-1.05349966065368,-84.1633588424991
-1.30927625206414,-1.05273663824398,-84.0911114878475
-1.30903663221644,-1.05197084033878,-84.0186129902463
-1.30879540313113,-1.05120225354647,-83.9458621729977
-1.30855255481847,-1.05043086440183,-83.8728578531402
-1.30830807722072,-1.0496566593656,-83.7995988414162
-1.30806196021166,-1.04887962482409,-83.7260839422386
-1.30781419359614,-1.04809974708874,-83.6523119536574
-1.30756476710952,-1.04731701239573,-83.5782816673268
-1.30731367041726,-1.04653140690556,-83.5039918684711
-1.30706089311438,-1.04574291670265,-83.4294413358518
-1.30680642472497,-1.04495152779487,-83.3546288417331
-1.3065502547017,-1.0441572261132,-83.2795531518489
-1.3062923724253,-1.04335999751124,-83.2042130253681
-1.30603276720409,-1.04255982776482,-83.1286072148614
-1.3057714282734,-1.04175670257158,-83.0527344662664
-1.30550834479515,-1.04095060755052,-82.9765935188538
-1.30524350585725,-1.04014152824159,-82.900183105193
-1.30497690047312,-1.03932945010528,-82.8235019511176
-1.30470851758117,-1.03851435852215,-82.7465487756907
-1.30443834604426,-1.03769623879242,-82.6693222911707
-1.30416637464918,-1.03687507613554,-82.5918212029762
-1.3038925921061,-1.03605085568975,-82.5140442096512
-1.30361698704804,-1.03522356251165,-82.4359900028304
-1.30333954803034,-1.03439318157573,-82.357657267204
-1.30306026353012,-1.033559697774,-82.2790446804827
-1.3027791219457,-1.03272309591547,-82.2001509133622
-1.30249611159609,-1.03188336072576,-82.1209746294884
-1.3022112207204,-1.03104047684664,-82.0415144854218
-1.30192443747732,-1.03019442883559,-81.961769130602
-1.30163574994452,-1.02934520116536,-81.8817372073123
-1.30134514611812,-1.0284927782235,-81.8014173506441
-1.30105261391207,-1.02763714431192,-81.7208081884611
-1.30075814115767,-1.02677828364646,-81.6399083413635
-1.30046171560288,-1.02591618035642,-81.5587164226525
-1.30016332491185,-1.02505081848411,-81.4772310382941
-1.29986295666424,-1.0241821819844,-81.3954507868831
-1.29956059835473,-1.02331025472425,-81.3133742596076
-1.29925623739234,-1.02243502048229,-81.2310000402121
-1.2989498610999,-1.02155646294833,-81.1483267049621
-1.29864145671343,-1.0206745657229,-81.0653528226075
-1.29833101138154,-1.01978931231681,-80.9820769543463
-1.29801851216484,-1.01890068615068,-80.8984976537884
-1.29770394603528,-1.01800867055447,-80.8146134669196
-1.29738729987564,-1.01711324876706,-80.7304229320644
-1.29706856047881,-1.0162144039357,-80.6459245798504
-1.29674771454724,-1.01531211911564,-80.5611169331711
-1.29642474869228,-1.01440637726959,-80.47599850715
-1.29609964943358,-1.01349716126733,-80.3905678091036
-1.29577240319845,-1.01258445388514,-80.3048233385049
-1.29544299632123,-1.01166823780544,-80.2187635869469
-1.29511141504264,-1.01074849561624,-80.132387038106
-1.29477764550917,-1.00982520981071,-80.0456921677052
-1.29444167377241,-1.00889836278669,-79.9586774434775
-1.29410348578841,-1.00796793684626,-79.8713413251291
-1.29376306741702,-1.00703391419519,-79.783682264303
-1.29342040442127,-1.00609627694255,-79.695698704542
-1.29307548246666,-1.00515500710019,-79.607389081252
-1.29272828712056,-1.00421008658227,-79.5187518216657
-1.29237880385148,-1.00326149720479,-79.4297853448055
-1.29202701802845,-1.00230922068513,-79.3404880614467
-1.29167291492031,-1.00135323864155,-79.2508583740815
-1.29131647969507,-1.00039353259274,-79.1608946768816
-1.2909576974192,-0.999430083957315,-79.0705953556622
-1.29059655305698,-0.998462874053367,-78.979958787845
-1.29023303146978,-0.997491884097969,-78.8889833424217
-1.28986711741537,-0.996517095206706,-78.7976673799177
-1.28949879554724,-0.995538488393201,-78.7060092523554
-1.28912805041393,-0.99455604456863,-78.614007303218
-1.28875486645825,-0.993569744541254,-78.5216598674128
-1.28837922801667,-0.992579569015934,-78.4289652712352
-1.28800111931852,-0.991585498593662,-78.3359218323324
-1.28762052448535,-0.990587513771077,-78.242527859667
-1.28723742753018,-0.989585594939995,-78.1487816534811
-1.28685181235679,-0.988579722386927,-78.0546815052604
-1.28646366275899,-0.987569876292607,-77.9602256976978
-1.28607296241989,-0.986556036731516,-77.8654125046581
-1.2856796949112,-0.985538183671405,-77.7702401911418
-1.28528384369245,-0.984516296972822,-77.6747070132499
-1.2848853921103,-0.983490356388638,-77.5788112181479
-1.28448432339775,-0.982460341563573,-77.4825510440307
-1.28408062067347,-0.981426232033722,-77.3859247200875
-1.28367426694097,-0.980388007226087,-77.288930466466
-1.28326524508789,-0.979345646458101,-77.191566494238
-1.28285353788527,-0.978299128937162,-77.0938310053641
-1.28243912798675,-0.97724843376016,-76.9957221926594
-1.28202199792782,-0.976193539913013,-76.8972382397586
-1.28160213012507,-0.975134426270199,-76.7983773210817
-1.28117950687543,-0.974071071594284,-76.6991376017998
-1.28075411035536,-0.973003454535469,-76.5995172378011
-1.28032592262014,-0.971931553631116,-76.4995143756569
-1.27989492560302,-0.970855347305295,-76.3991271525881
-1.27946110111451,-0.969774813868317,-76.2983536964317
-1.27902443084153,-0.968689931516281,-76.1971921256076
-1.2785848963467,-0.967600678330614,-76.0956405490855
-1.27814247906748,-0.966507032277618,-75.993697066352
-1.27769716031543,-0.965408971208017,-75.8913597673787
-1.27724892127537,-0.964306472856506,-75.7886267325889
-1.27679774300463,-0.963199514841301,-75.6854960328265
-1.27634360643223,-0.962088074663695,-75.5819657293235
-1.27588649235805,-0.960972129707611,-75.4780338736692
-1.27542638145206,-0.959851657239164,-75.3736985077784
-1.27496325425351,-0.958726634406218,-75.2689576638607
-1.27449709117009,-0.957597038237952,-75.16380936439
-1.27402787247714,-0.956462845644424,-75.0582516220743
-1.27355557831684,-0.955324033416145,-74.9522824398254
-1.27308018869734,-0.954180578223643,-74.8458998107295
-1.27260168349203,-0.953032456617046,-74.7391017180178
-1.27212004243861,-0.951879645025654,-74.631886135038
-1.27163524513834,-0.950722119757528,-74.524251025225
-1.27114727105519,-0.949559856999067,-74.4161943420734
-1.27065609951499,-0.948392832814602,-74.3077140291095
-1.27016170970463,-0.947221023145989,-74.198808019864
-1.26966408067119,-0.946044403812201,-74.0894742378448
-1.26916319132112,-0.944862950508932,-73.9797105965109
-1.2686590204194,-0.9436766388082,-73.8695149992458
-1.26815154658872,-0.942485444157956,-73.7588853393325
-1.26764074830858,-0.941289341881697,-73.6478194999278
-1.2671266039145,-0.940088307178083,-73.5363153540378
-1.26660909159715,-0.938882315120559,-73.424370764494
-1.2660881894015,-0.937671340656987,-73.3119835839293
-1.26556387522598,-0.936455358609269,-73.1991516547547
-1.26503612682161,-0.935234343672992,-73.0858728091373
-1.26450492179118,-0.934008270417066,-72.9721448689776
-1.26397023758836,-0.932777113283377,-72.8579656458882
-1.26343205151688,-0.931540846586433,-72.7433329411731
-1.26289034072962,-0.93029944451303,-72.6282445458071
-1.26234508222783,-0.929052881121914,-72.5126982404159
-1.2617962528602,-0.927801130343456,-72.3966917952579
-1.26124382932204,-0.926544165979324,-72.2802229702043
-1.26068778815441,-0.925281961702171,-72.1632895147226
-1.26012810574327,-0.924014491055326,-72.0458891678589
-1.25956475831858,-0.922741727452491,-71.9280196582214
-1.25899772195351,-0.921463644177444,-71.8096787039647
-1.2584269725635,-0.920180214383754,-71.6908640127749
-1.25785248590547,-0.918891411094497,-71.5715732818553
-1.25727423757688,-0.917597207201988,-71.451804197913
-1.25669220301496,-0.916297575467508,-71.3315544371459
-1.25610635749578,-0.914992488521056,-71.2108216652307
-1.2555166761334,-0.913681918861091,-71.089603537312
-1.25492313387903,-0.912365838854298,-70.9678976979922
-1.25432570552017,-0.911044220735352,-70.8457017813214
-1.25372436567974,-0.909717036606698,-70.7230134107894
-1.2531190888152,-0.908384258438333,-70.5998301993177
-1.25250984921775,-0.907045858067606,-70.4761497492527
-1.25189662101143,-0.905701807199019,-70.3519696523603
-1.25127937815226,-0.904352077404043,-70.2272874898203
-1.25065809442743,-0.902996640120943,-70.1021008322229
-1.2500327434544,-0.90163546665461,-69.9764072395656
-1.24940329868009,-0.900268528176411,-69.8502042612515
-1.24876973338002,-0.898895795724041,-69.7234894360882
-1.24813202065744,-0.89751724020139,-69.5962602922879
-1.24749013344253,-0.896132832378425,-69.468514347469
-1.24684404449152,-0.894742542891075,-69.340249108658
-1.2461937263859,-0.893346342241136,-69.2114620722934
-1.24553915153152,-0.891944200796181,-69.08215072423
-1.24488029215782,-0.890536088789488,-68.952312539745
-1.24421712031697,-0.88912197631998,-68.8219449835448
-1.24354960788306,-0.88770183335217,-68.6910455097732
-1.24287772655125,-0.886275629716134,-68.5596115620213
-1.242201447837,-0.884843335107479,-68.4276405733377
-1.24152074307522,-0.883404919087344,-68.295129966241
-1.24083558341946,-0.881960351082398,-68.1620771527328
-1.24014593984114,-0.880509600384863,-68.0284795343128
-1.23945178312873,-0.879052636152548,-67.8943345019948
-1.23875308388693,-0.877589427408898,-67.7596394363242
-1.23804981253593,-0.87611994304306,-67.6243917073969
-1.2373419393106,-0.87464415180996,-67.4885886748799
-1.2366294342597,-0.8731620223304,-67.352227688033
-1.23591226724514,-0.871673523091176,-67.2153060857328
-1.23519040794119,-0.870178622445195,-67.0778211964967
-1.23446382583374,-0.868677288611633,-66.9397703385106
-1.23373249021951,-0.867169489676089,-66.8011508196561
-1.23299637020536,-0.86565519359077,-66.6619599375411
-1.23225543470751,-0.864134368174689,-66.5221949795309
-1.23150965245082,-0.862606981113879,-66.3818532227813
-1.23075899196808,-0.861072999961632,-66.240931934274
-1.23000342159928,-0.859532392138753,-66.0994283708529
-1.22924290949091,-0.857985124933831,-65.9573397792626
-1.22847742359527,-0.856431165503533,-65.8146633961891
-1.22770693166976,-0.854870480872923,-65.6713964483017
-1.22693140127624,-0.853303037935791,-65.527536152297
-1.22615079978032,-0.851728803455006,-65.3830797149452
-1.22536509435073,-0.850147744062903,-65.238024333138
-1.22457425195866,-0.84855982626167,-65.0923671939388
-1.22377823937711,-0.846965016423776,-64.946105474634
-1.2229770231803,-0.845363280792412,-64.7992363427884
-1.22217056974301,-0.843754585481955,-64.6517569563002
-1.22135884524001,-0.842138896478461,-64.50366446346
-1.22054181564546,-0.840516179640176,-64.354956003011
-1.21971944673232,-0.838886400698077,-64.2056287042126
-1.21889170407179,-0.837249525256429,-64.0556796869043
-1.21805855303277,-0.835605518793379,-63.9051060615738
-1.2172199587813,-0.833954346661565,-63.7539049294265
-1.21637588628007,-0.832295974088758,-63.6020733824576
-1.21552630028786,-0.830630366178526,-63.4496085035263
-1.21467116535907,-0.828957487910927,-63.2965073664334
-1.21381044584326,-0.827277304143234,-63.1427670359998
-1.21294410588465,-0.825589779610676,-62.9883845681491
-1.2120721094217,-0.823894878927222,-62.8333570099923
-1.21119442018665,-0.822192566586384,-62.6776813999143
-1.21031100170512,-0.820482806962051,-62.5213547676642
-1.20942181729574,-0.81876556430936,-62.3643741344482
-1.20852683006972,-0.817040802765583,-62.206736513024
-1.20762600293052,-0.815308486351065,-62.0484389077997
-1.2067192985735,-0.813568578970172,-61.8894783149341
-1.20580667948561,-0.811821044412288,-61.7298517224412
-1.20488810794506,-0.810065846352837,-61.5695561102964
-1.20396354602107,-0.808302948354337,-61.4085884505465
-1.20303295557357,-0.806532313867493,-61.2469457074224
-1.20209629825302,-0.804753906232319,-61.084624837455
-1.20115353550013,-0.802967688679298,-60.9216227895939
-1.20020462854569,-0.801173624330573,-60.7579365053297
-1.1992495384104,-0.799371676201183,-60.5935629188193
-1.19828822590472,-0.797561807200324,-60.4284989570142
-1.19732065162875,-0.795743980132655,-60.262741539793
-1.19634677597211,-0.793918157699638,-60.0962875800958
-1.19536655911389,-0.792084302500919,-59.9291339840635
-1.19437996102258,-0.790242377035747,-59.7612776511795
-1.19338694145606,-0.788392343704426,-59.5927154744156
-1.19238745996161,-0.786534164809818,-59.4234443403807
-1.19138147587591,-0.78466780255888,-59.2534611294741
-1.19036894832514,-0.78279321906424,-59.0827627160413
-1.18934983622506,-0.780910376345824,-58.9113459685348
-1.1883240982811,-0.779019236332513,-58.7392077496774
-1.18729169298854,-0.777119760863855,-58.5663449166302
-1.18625257863268,-0.775211911691813,-58.3927543211639
-1.18520671328904,-0.773295650482558,-58.2184328098348
-1.18415405482363,-0.771370938818312,-58.0433772241636
-1.18309456089319,-0.769437738199232,-57.8675844008191
-1.18202818894554,-0.767496010045341,-57.6910511718061
-1.18095489621986,-0.765545715698505,-57.5137743646566
-1.17987463974717,-0.763586816424463,-57.3357508026259
-1.17878737635063,-0.7616192734149,-57.1569773048927
-1.17769306264606,-0.759643047789566,-56.9774506867635
-1.17659165504243,-0.757658100598457,-56.7971677598816
-1.17548310974234,-0.75566439282403,-56.6161253324397
-1.17436738274263,-0.753661885383483,-56.434320209398
-1.17324442983494,-0.751650539131076,-56.2517491927065
-1.1721142066064,-0.749630314860515,-56.0684090815314
-1.17097666844026,-0.747601173307376,-55.8842966724863
-1.16983177051668,-0.745563075151597,-55.6994087598691
-1.16867946781342,-0.743515981020008,-55.5137421359016
-1.16751971510673,-0.741459851488939,-55.3272935909765
-1.16635246697214,-0.739394647086856,-55.1400599139068
-1.16517767778539,-0.737320328297074,-54.9520378921814
-1.1639953017234,-0.735236855560525,-54.7632243122262
-1.16280529276519,-0.733144189278569,-54.5736159596685
-1.16160760469298,-0.731042289815884,-54.383209619608
-1.16040219109328,-0.728931117503403,-54.1920020768926
-1.15918900535797,-0.726810632641311,-53.9999901163989
-1.15796800068554,-0.724680795502109,-53.8071705233187
-1.15673913008232,-0.722541566333735,-53.61354008345
-1.15550234636372,-0.720392905362747,-53.419095583494
-1.15425760215563,-0.71823477279757,-53.2238338113577
-1.1530048498958,-0.716067128831811,-53.0277515564609
-1.15174404183526,-0.713889933647628,-52.8308456100502
-1.15047513003985,-0.711703147419175,-52.6331127655176
-1.14919806639178,-0.709506730316105,-52.4345498187248
-1.14791280259123,-0.707300642507146,-52.2351535683342
-1.14661929015804,-0.705084844163737,-52.0349208161442
-1.14531748043344,-0.702859295463738,-51.8338483674314
-1.14400732458185,-0.700623956595204,-51.6319330312985
-1.1426887735927,-0.698378787760233,-51.4291716210277
-1.14136177828242,-0.696123749178884,-51.2255609544408
-1.14002628929634,-0.693858801093155,-51.0210978542648
-1.13868225711077,-0.69158390377105,-50.8157791485033
-1.13732963203512,-0.689299017510706,-50.6096016708158
-1.13596836421406,-0.687004102644594,-50.4025622609005
-1.13459840362975,-0.684699119543798,-50.1946577648855
-1.13321970010415,-0.682384028622363,-49.985885035726
-1.13183220330142,-0.680058790341726,-49.7762409336067
-1.13043586273036,-0.67772336521521,-49.565722326352
-1.1290306277469,-0.675377713812608,-49.3543260898421
-1.12761644755671,-0.673021796764832,-49.1420491084351
-1.12619327121788,-0.67065557476865,-48.928888275397
-1.12476104764362,-0.668279008591493,-48.714840493337
-1.12331972560509,-0.665892059076345,-48.49990267465
-1.12186925373429,-0.663494687146709,-48.2840717419658
-1.12040958052702,-0.661086853811661,-48.0673446286053
-1.1189406543459,-0.658668520170975,-47.8497182790431
-1.11746242342354,-0.656239647420333,-47.6311896493772
-1.11597483586568,-0.653800196856622,-47.4117557078052
-1.11447783965454,-0.651350129883303,-47.1914134351082
-1.1129713826521,-0.648889408015879,-46.970159825141
-1.11145541260363,-0.646417992887422,-46.7479918853293
-1.10992987714117,-0.643935846254213,-46.5249066371744
-1.10839472378717,-0.641442930001443,-46.3009011167648
-1.10684989995815,-0.638939206149015,-46.0759723752947
-1.10529535296857,-0.636424636857422,-45.8501174795899
-1.10373103003462,-0.633899184433714,-45.6233335126408
-1.10215687827826,-0.631362811337555,-45.3956175741426
-1.10057284473123,-0.628815480187366,-45.1669667810429
-1.09897887633922,-0.626257153766548,-44.9373782680964
-1.0973749199661,-0.623687795029805,-44.7068491884267
-1.09576092239828,-0.621107367109546,-44.475376714096
-1.0941368303491,-0.61851583332238,-44.2429580366814
-1.09250259046341,-0.615913157175702,-44.0095903678597
-1.09085814932212,-0.613299302374362,-43.775270939998
-1.08920345344699,-0.610674232827428,-43.5399970067531
-1.08753844930541,-0.608037912655046,-43.303765843678
-1.08586308331532,-0.605390306195371,-43.0665747488345
-1.08417730185023,-0.602731378011611,-42.8284210434157
-1.08248105124434,-0.600061092899147,-42.5893020723737
-1.08077427779777,-0.597379415892749,-42.3492152050558
-1.07905692778187,-0.594686312273886,-42.1081578358483
-1.07732894744465,-0.591981747578119,-41.8661273848269
-1.07559028301633,-0.589265687602594,-41.6231212984154
-1.07384088071496,-0.58653809841363,-41.3791370500519
-1.07208068675218,-0.583798946354379,-41.1341721408613
-1.07030964733905,-0.5810481980526,-40.8882241003362
-1.06852770869206,-0.578285820428511,-40.6412904870252
-1.06673481703916,-0.575511780702745,-40.3933688892286
-1.06493091862595,-0.572726046404378,-40.1444569257006
-1.06311595972198,-0.569928585379071,-39.8945522463602
-1.06128988662717,-0.567119365797286,-39.6436525330081
-1.05945264567829,-0.564298356162606,-39.3917555000524
-1.05760418325564,-0.561465525320133,-39.1388588952398
-1.05574444578974,-0.558620842464989,-38.8849605003957
-1.05387337976823,-0.5557642771509,-38.6300581321701
-1.05199093174285,-0.552895799298873,-38.3741496427918
-1.05009704833648,-0.550015379205962,-38.117232920829
-1.04819167625042,-0.547122987554124,-37.8593058919573
-1.04627476227165,-0.544218595419163,-37.6003665197342
-1.0443462532803,-0.541302174279762,-37.3404128063811
-1.04240609625724,-0.538373696026609,-37.0794427935724
-1.04045423829168,-0.535433132971599,-36.8174545632304
-1.03849062658907,-0.53248045785713,-36.5544462383276
-1.03651520847894,-0.529515643865488,-36.2904159836959
-1.03452793142297,-0.52653866462831,-36.0253620068419
-1.03252874302315,-0.523549494236135,-35.7592825587692
-1.03051759103005,-0.520548107248041,-35.4921759348063
-1.02849442335124,-0.51753447870136,-35.2240404754421
-1.0264591880598,-0.514508584121482,-34.9548745671664
-1.02441183340293,-0.511470399531728,-34.6846766433172
-1.02235230781079,-0.508419901463315,-34.4134451849338
-1.02028055990532,-0.505357066965397,-34.141178721616
-1.0181965385093,-0.502281873615177,-33.867875832389
-1.01610019265542,-0.499194299528105,-33.5935351465741
-1.01399147159561,-0.496094323368143,-33.3181553446644
-1.01187032481035,-0.492981924358109,-33.041735159207
-1.00973670201819,-0.489857082290097,-32.7642733756897
-1.00759055318539,-0.486719777535954,-32.4857688334324
-1.00543182853563,-0.483569991057839,-32.206220426485
-1.00326047855988,-0.480407704418853,-31.9256271045288
-1.00107645402637,-0.47723289979372,-31.6439878737831
-0.998879705990745,-0.474045559979549,-31.3613017979165
-0.996670185806208,-0.470845668406647,-31.0775679989621
-0.994447845133922,-0.4676332091494,-30.7927856582372
-0.992212635953453,-0.464408166937216,-30.5069540172675
-0.989964510573343,-0.46117052716551,-30.2200723787139
-0.987703421641815,-0.457920275906762,-29.9321401073036
-0.985429322157588,-0.454657399921621,-29.6431566307655
-0.983142165480803,-0.451381886670056,-29.3531214407669
-0.980841905344075,-0.448093724322562,-29.0620340938552
-0.978528495863648,-0.44479290177141,-28.7698942124008
-0.976201891550676,-0.441479408641939,-28.4767014855438
-0.973862047322604,-0.438153235303896,-28.1824556701426
-0.97150891851467,-0.434814372882805,-27.887156591724
-0.96914246089151,-0.431462813271379,-27.5908041454361
-0.96676263065888,-0.428098549140969,-27.2933982970026
-0.964369384475477,-0.424721573953036,-26.9949390836783
-0.961962679464869,-0.421331881970654,-26.6954266152052
-0.959542473227537,-0.417929468270042,-26.3948610747711
-0.957108723853006,-0.414514328752112,-26.0932427199666
-0.95466138993209,-0.411086460154046,-25.7905718837446
-0.95220043056923,-0.407645860060874,-25.4868489753775
-0.949725805394929,-0.404192526917077,-25.1820744814165
-0.947237474578289,-0.4007264600382,-24.8762489666483
-0.944735398839639,-0.397247659622459,-24.5693730750522
-0.942219539463249,-0.393756126762367,-24.2614475307558
-0.939689858310143,-0.390251863456344,-23.9524731389883
-0.937146317830995,-0.386734872620337,-23.6424507870337
-0.93458888107911,-0.383205158099413,-23.3313814451795
-0.932017511723489,-0.379662724679369,-23.0192661676658
-0.929432174061971,-0.37610757809829,-22.7061060936283
-0.926832833034457,-0.372539725058119,-22.3919024480408
-0.924219454236206,-0.368959173236186,-22.0766565426532
-0.921592003931207,-0.365365931296713,-21.7603697769246
-0.918950449065613,-0.361760008902289,-21.4430436389542
-0.91629475728125,-0.358141416725312,-21.1246797064056
-0.913624896929181,-0.354510166459376,-20.8052796474268
-0.91094083708334,-0.350866270830639,-20.4848452215659
-0.908242547554209,-0.347209743609112,-20.1633782806786
-0.905529998902564,-0.343540599619916,-19.8408807698315
-0.902803162453256,-0.339858854754474,-19.5173547281981
-0.900062010309055,-0.336164525981633,-19.1928022899478
-0.897306515364522,-0.332457631358737,-18.8672256851275
-0.894536651319925,-0.3287381900426,-18.5406272405349
-0.891752392695196,-0.325006222300427,-18.2130093805845
-0.888953714843916,-0.321261749520642,-17.8843746281642
-0.886140593967319,-0.317504794223624,-17.5547256054829
-0.883313007128333,-0.313735380072355,-17.224065034908
-0.88047093226563,-0.309953531882977,-16.8923957397939
-0.8776143482077,-0.306159275635235,-16.5597206452995
-0.874743234686922,-0.302352638482818,-16.2260427791945
-0.871857572353658,-0.298533648763586,-15.8913652726547
-0.868957342790328,-0.294702336009675,-15.5556913610452
-0.866042528525508,-0.290858730957489,-15.2190243846918
-0.863113113047985,-0.28700286555754,-14.8813677896383
-0.860169080820838,-0.283134772984178,-14.5427251283924
-0.857210417295467,-0.279254487645164,-14.2031000606562
-0.85423710892562,-0.275362045191102,-13.8624963540436
-0.851249143181383,-0.271457482524719,-13.520917884782
-0.848246508563142,-0.267540837809981,-13.1783686384001
-0.845229194615498,-0.263612150481061,-12.8348527103985
-0.842197191941148,-0.25967146125112,-12.4903743069056
-0.839150492214706,-0.255718812120923,-12.1449377453156
-0.836089088196476,-0.251754246387266,-11.79854745491
-0.833012973746161,-0.247777808651229,-11.4512079774613
-0.829922143836508,-0.243789544826223,-11.1029239678189
-0.826816594566876,-0.239789502145848,-10.7537001944755
-0.823696323176731,-0.235777729171538,-10.4035415401154
-0.82056132805905,-0.231754275800001,-10.0524530021417
-0.817411608773643,-0.227719193270446,-9.70043969318579
-0.814247166060369,-0.223672534171571,-9.3475068415932
-0.811068001852258,-0.219614352448344,-8.99365979189051
-0.807874119288517,-0.215544703408536,-8.63890400522991
-0.804665522727426,-0.211463643729016,-8.2832450598114
-0.801442217759108,-0.207371231461801,-7.92668865128279
-0.798204211218176,-0.203267526039851,-7.56924059311629
-0.79495151119624,-0.199152588282615,-7.2109068169617
-0.791684127054274,-0.195026480401293,-6.85169337297505
-0.788402069434844,-0.190889266003856,-6.49160643012399
-0.785105350274163,-0.186741010099758,-6.13065227646583
-0.781793982814003,-0.182581779104394,-5.76883731940236
-0.778467981613435,-0.178411640843252,-5.40616808590741
-0.775127362560383,-0.17423066455578,-5.04265122272799
-0.771772142883015,-0.170038920898957,-4.67829349655932
-0.768402341160933,-0.165836481950547,-4.31310179419141
-0.765017977336165,-0.161623421212052,-3.9470831226282
-0.761619072723981,-0.157399813611354,-3.58024460917959
-0.758205650023457,-0.153165735505014,-3.21259350152207
-0.754777733327866,-0.148921264680273,-2.84413716773299
-0.751335348134821,-0.144666480356697,-2.47488309629372
-0.747878521356199,-0.140401463187499,-2.10483889606321
-0.744407281327825,-0.136126295260511,-1.73401229622126
-0.740921657818912,-0.131841060098811,-1.36241114618065
-0.737421682041256,-0.127545842660992,-0.990043415468356
-0.733907386658179,-0.123240729341095,-0.616917193575938
-0.730378805793183,-0.118925807968137,-0.243040689775866
-0.726835975038368,-0.114601167805315,0.131577767092047
-0.723278931462549,-0.110266899548821,0.506929728868042
-0.7197077136191,-0.105923095326269,0.883006628352906
-0.7161223615535,-0.101569848694762,1.25979977962122
-0.712522916810592,-0.0972072546385662,1.63730037836848
-0.708909422441525,-0.0928354095663861,2.01549950229241
-0.705281923010403,-0.0884544113082695,2.39438811150748
-0.701640464600595,-0.0840643591120908,2.77395704899542
-0.697985094820741,-0.0796653536396519,3.15419704108933
-0.694315862810422,-0.0752574969623717,3.53509869799298
-0.690632819245486,-0.0708408925565703,3.91665251433578
-0.686936016343048,-0.0664156452983448,4.29884886976246
-0.683225507866131,-0.061981861458029,4.68167802955907
-0.679501349127947,-0.0575396486942347,5.06513014531471
-0.675763596995842,-0.0530891160474895,5.44919525561818
-0.672012309894841,-0.0486303739334259,5.83386328679299
-0.668247547810853,-0.0441635341355749,6.21912405366632
-0.664469372293482,-0.0396887097977164,6.60496726037591
-0.660677846458455,-0.0352060154158093,6.99138250121286
-0.656873034989675,-0.0307155668294925,7.378359261501
-0.653055004140864,-0.0262174812131521,7.7658869185132
-0.649223821736823,-0.021711877066558,8.15395474242428
-0.645379557174277,-0.0171988742050675,8.54255189730069
-0.641522281422327,-0.0126785937494016,8.93166744212632
-0.63765206702247,-0.00815115811497039,9.32129033186659
-0.633768988088222,-0.0036166910007798,9.71140941856765
-0.629873120304306,0.000924682622102778,10.102013452493
-0.625964540925421,0.00547283652252298,10.4930910832969
-0.62204332877459,0.010027643221636,10.8846308612336
-0.618109564241053,0.0145889740057541,11.2766212384036
-0.614163329277748,0.0191566989396161,11.6690505700365
-0.610204707398343,0.0237306868800871,12.0619071158081
-0.60623378367382,0.0283108054903042,12.4551790411963
-0.602250644728618,0.0328969212542406,12.8488544188708
-0.598255378736333,0.0374888994916983,13.2429212301185
-0.59424807541496,0.0420866043737323,13.637367366305
-0.590228826021682,0.0466898989384962,14.0321806303707
-0.58619772334721,0.0512986451075079,14.4273487383616
-0.582154861709657,0.0559127037023416,14.8228593209952
-0.578100336947967,0.0605319344617202,15.218699925259
-0.574034246414864,0.0651561960590447,15.6148580160453
-0.569956688969358,0.0697853461203099,16.0113209778175
-0.565867764968778,0.0744192412424395,16.4080761163101
-0.561767576260349,0.0790577370120165,16.8051106602614
-0.557656226172299,0.0837006880244152,17.2024117631784
-0.553533819504508,0.0883479479033247,17.5999665051338
-0.549400462518687,0.0929993693206623,17.9977618945938
-0.545256262928108,0.0976548040168611,18.395784870277
-0.541101329886848,0.102314102821553,18.7940223030437
-0.536935773978592,0.106977115674613,19.1924609978152
-0.532759707204964,0.111643691647567,19.5910876955218
-0.528573242973408,0.116313678965369,19.9898890750794
-0.524376496084599,0.120986925028529,20.3888517553955
-0.520169582719407,0.125663276435594,20.7879622974005
-0.515952620425399,0.130342579005962,21.187207206108
-0.511725728102912,0.13502467780303,21.586572932699
-0.507489025990634,0.139709417157689,21.9860458766345
-0.503242635650787,0.14439664069211,22.3856123877898
-0.498986679953834,0.149086191343869,22.7852587686151
-0.494721283062763,0.153777911390353,23.1849712763186
-0.490446570416928,0.158471642473483,23.5847361250719
-0.486162668715463,0.163167225624712,23.9845394882383
-0.481869705900265,0.167864501290308,24.3843675006211
-0.47756781113856,0.1725633093569,24.7842062607324
-0.473257114805041,0.177263489177305,25.1840418330824
-0.468937748463606,0.181964879596585,25.5838602504857
-0.464609844848672,0.186667318978364,25.9836475163867
-0.46027353784611,0.191370645231368,26.3833896072012
-0.455928962473757,0.196074695836199,26.7830724746743
-0.451576254861558,0.200779307872315,27.1826820482535
-0.447215552231316,0.205484318045223,27.5822042374761
-0.442846992876063,0.210189562713859,27.9816249343701
-0.438470716139069,0.214894877918149,28.3809300158666
-0.434086862392475,0.219600099406765,28.7801053462256
-0.429695573015579,0.224305062665011,29.1791367794703
-0.425296990372769,0.229009602942891,29.5780101618327
-0.420891257791119,0.233713555283299,29.9767113342066
-0.416478519537648,0.238416754550348,30.375226134609
-0.412058920796255,0.243119035457818,30.773540400648
-0.407632607644335,0.247820232597707,31.1716399719967
-0.403199727029101,0.252520180468879,31.5695106928707
-0.398760426743578,0.257218713505808,31.9671384145115
-0.394314855402338,0.261915666107383,32.3645089976704
-0.389863162416934,0.266610872665779,32.7616083150954
-0.385405497971071,0.271304167595379,33.1584222540183
-0.380942012995509,0.275995385361741,33.5549367186422
-0.37647285914272,0.280684360510574,33.9511376326264
-0.371998188761295,0.285370927696758,34.3470109415704
-0.367518154870131,0.290054921713334,34.7425426154932
-0.363032911132373,0.294736177520512,35.1377186513098
-0.358542611829167,0.299414530274656,35.532525075301
-0.354047411833198,0.304089815357216,35.9269479455772
-0.349547466582044,0.308761868403643,36.3209733545351
-0.345042932051339,0.313430525332228,36.7145874313055
-0.340533964727781,0.31809562237289,37.1077763441922
-0.336020721581963,0.322756996095874,37.5005263031005
-0.33150336004108,0.327414483440352,37.8928235619527
-0.326982037961474,0.332067921742945,38.2846544210945
-0.322456913601065,0.336717148766108,38.6760052296845
-0.317928145591676,0.341362002726399,39.0668623880718
-0.313395892911237,0.346002322322607,39.4572123501569
-0.308860314855912,0.350637946763737,39.8470416257368
-0.304321571012139,0.35526871579683,40.2363367828334
-0.299779821228596,0.359894469734614,40.6250844500029
-0.295235225588134,0.364515049482963,41.0132713186257
-0.290687944379621,0.369130296568189,41.4008841451788
-0.286138138069795,0.373740053164096,41.787909753484
-0.281585967275066,0.378344162118848,42.1743350369367
-0.277031592733322,0.382942466981586,42.560146960711
-0.272475175275725,0.387534812028832,42.9453325639412
-0.267916875798525,0.392121042290632,43.3298789618798
-0.263356855234889,0.396701003576449,43.7137733480295
-0.258795274526785,0.401274542500779,44.0970029962488
-0.254232294596877,0.405841506508514,44.4795552628327
-0.249668076320513,0.410401743899988,44.8614175885634
-0.245102780497757,0.414955103855756,45.2425775007345
-0.240536567825509,0.41950143646105,45.6230226151448
-0.235969598869721,0.424040592729926,46.0027406380634
-0.231402034037704,0.428572424629093,46.3817193681635
-0.226834033550557,0.433096785101404,46.7599466984249
-0.222265757415706,0.437613528089016,47.1374106180058
-0.217697365399606,0.442122508556184,47.5140992140799
-0.213129017000541,0.446623582511733,47.8900006736432
-0.208560871421631,0.451116607031122,48.2651032852841
-0.203993087543962,0.45560144027818,48.6393954409215
-0.199425823899922,0.46007794152643,49.0128656375065
-0.194859238646702,0.464545971180048,49.3855024786894
-0.190293489540007,0.469005390794422,49.7572946764502
-0.185728733907961,0.473456063096314,50.1282310526938
-0.181165128625245,0.477897852003609,50.4983005408057
-0.17660283008743,0.482330622644675,50.8674921871741
-0.172041994185574,0.486754241377281,51.2357951526707
-0.167482776281045,0.491168575807103,51.6031987140952
-0.162925331180601,0.49557349480581,51.9696922655804
-0.158369813111731,0.499968868528703,52.335265319959
-0.15381637569826,0.504354568431928,52.6999075100905
-0.149265171936237,0.508730467289244,53.0636085901491
-0.144716354170113,0.513096439208339,53.4263584368704
-0.140170074069193,0.51745235964671,53.7881470507602
-0.135626482604411,0.521798105427078,54.148964557261
-0.131085730025402,0.526133554752352,54.5088012078785
-0.126547965837893,0.530458587220128,54.8676473812677
-0.122013338781414,0.534773083836732,55.2254935842773
-0.117481996807343,0.539076927030796,55.5823304529538
-0.112954087057281,0.543370000666366,55.9381487535042
-0.108429755841784,0.547652190055531,56.2929393832161
-0.103909148619413,0.55192338197061,56.6466933713389
-0.0993924099761766,0.556183464655832,56.9994018799217
-0.0948796836053057,0.560432327838565,57.3510562046098
-0.0903711122874063,0.56466986274006,57.7016477754009
-0.0858668378709775,0.568895962085727,58.0511681573585
-0.0813670012533104,0.573110520114932,58.399609051285
-0.0768717423617563,0.577313432590319,58.746962294353
-0.0723812001354017,0.581504596806649,59.0932198606945
-0.0678955125071007,0.585683911599186,59.4383738619511
-0.0634148163859234,0.589851277351584,59.7824165477812
-0.0589392476399949,0.594006596003314,60.1253403063268
-0.0544689410797311,0.598149771056613,60.4671376646401
-0.0500040304414778,0.602280707582971,60.8078012890694
-0.0455446483715567,0.606399312229136,61.1473239856043
-0.0410909264107212,0.610505493222661,61.485698700181
-0.0366429949790149,0.614599160376988,61.8229185189486
-0.0322009833610627,0.618680225096051,62.1589766684938
-0.0277650196917491,0.622748600378444,62.4938665160287
-0.0233352309423339,0.626804200821117,62.8275815695385
-0.0189117429069802,0.630846942622613,63.1601154778898
-0.0144946801897019,0.634876743585865,63.4914620309018
-0.010084166191726,0.638893523120539,63.8216151593795
-0.00568032309928748,0.642897202244931,64.1505689351078
-0.00128327187183166,0.646887703587429,64.4783175708106
