"flock_field","ancestor","flock","n_animals","n_ancestors","n_ancestors_shared","in_largest_network"
"source","sire","AYAF",118,8,7,TRUE
"source","sire","AYGF",39,18,18,TRUE
"source","sire","AYLN",485,54,54,TRUE
"source","sire","AYMP",429,73,46,TRUE
"source","sire","BETT",352,48,19,TRUE
"source","sire","Belc",91,29,12,TRUE
"source","sire","CPT",1971,246,81,TRUE
"source","sire","CT",341,63,47,TRUE
"source","sire","Demo",392,64,51,TRUE
"source","sire","HILL",4,3,2,TRUE
"source","sire","INZA",931,202,89,TRUE
"source","sire","Meta",34,24,24,TRUE
"source","sire","PED",2729,495,40,TRUE
"source","sire","WETH",21,9,5,TRUE
"source","mgs","AYAF",51,12,12,TRUE
"source","mgs","AYGF",39,30,30,TRUE
"source","mgs","AYLN",232,63,63,TRUE
"source","mgs","AYMP",374,124,93,TRUE
"source","mgs","BETT",215,34,17,TRUE
"source","mgs","Belc",91,39,20,TRUE
"source","mgs","CPT",1505,291,105,TRUE
"source","mgs","CT",235,89,81,TRUE
"source","mgs","Demo",100,38,35,TRUE
"source","mgs","HILL",1,1,1,TRUE
"source","mgs","INZA",871,221,120,TRUE
"source","mgs","Meta",28,22,22,TRUE
"source","mgs","PED",2659,599,71,TRUE
"source","mgs","WETH",21,14,12,TRUE
"breeder","sire","100",4,1,0,FALSE
"breeder","sire","10117",10,2,0,FALSE
"breeder","sire","106",253,26,6,TRUE
"breeder","sire","10743",4,2,0,FALSE
"breeder","sire","114",5,3,1,FALSE
"breeder","sire","118",2,1,0,FALSE
"breeder","sire","1202",1,1,0,FALSE
"breeder","sire","1345",136,19,3,TRUE
"breeder","sire","1368",132,24,3,TRUE
"breeder","sire","1370",3,3,1,TRUE
"breeder","sire","1371",5,2,1,TRUE
"breeder","sire","1372",8,7,6,TRUE
"breeder","sire","1376",87,17,2,TRUE
"breeder","sire","1378",109,22,8,TRUE
"breeder","sire","1383",4,1,0,FALSE
"breeder","sire","1385",96,13,7,TRUE
"breeder","sire","1387",31,7,3,TRUE
"breeder","sire","1388",144,16,4,TRUE
"breeder","sire","139",1202,209,49,TRUE
"breeder","sire","1392",85,16,2,TRUE
"breeder","sire","1397",1,1,0,FALSE
"breeder","sire","1398",13,8,1,TRUE
"breeder","sire","1400",1,1,1,TRUE
"breeder","sire","1403",1,1,0,FALSE
"breeder","sire","1404",1,1,0,FALSE
"breeder","sire","1406",5,4,1,TRUE
"breeder","sire","1409",1,1,1,TRUE
"breeder","sire","1414",133,26,3,TRUE
"breeder","sire","1420",2,2,0,FALSE
"breeder","sire","1423",3,1,0,FALSE
"breeder","sire","1427",3,3,0,FALSE
"breeder","sire","1440",44,19,4,TRUE
"breeder","sire","1445",306,64,54,TRUE
"breeder","sire","1449",1,1,0,FALSE
"breeder","sire","1463",331,105,81,TRUE
"breeder","sire","1467",10,1,0,FALSE
"breeder","sire","1470",25,6,0,FALSE
"breeder","sire","148",2,2,0,FALSE
"breeder","sire","150",123,15,1,TRUE
"breeder","sire","151",1,1,0,FALSE
"breeder","sire","1527",130,20,2,TRUE
"breeder","sire","154",2,2,1,TRUE
"breeder","sire","1701",2,1,0,FALSE
"breeder","sire","1702",66,9,2,TRUE
"breeder","sire","1705",1,1,0,FALSE
"breeder","sire","1717",73,16,11,TRUE
"breeder","sire","1718",88,17,12,TRUE
"breeder","sire","1719",2,1,0,FALSE
"breeder","sire","1748",1,1,0,FALSE
"breeder","sire","1755",233,88,72,TRUE
"breeder","sire","1756",7,7,5,TRUE
"breeder","sire","1762",3,1,0,FALSE
"breeder","sire","3031",1009,117,75,TRUE
"breeder","sire","3170",208,13,3,TRUE
"breeder","sire","3214",1,1,0,FALSE
"breeder","sire","3585",19,3,0,FALSE
"breeder","sire","379",4,4,0,FALSE
"breeder","sire","396",1,1,0,FALSE
"breeder","sire","413",38,12,3,TRUE
"breeder","sire","44",26,7,0,FALSE
"breeder","sire","47",39,4,0,FALSE
"breeder","sire","479",1,1,0,FALSE
"breeder","sire","5007",4,4,0,FALSE
"breeder","sire","5023",1,1,0,FALSE
"breeder","sire","5124",5,4,0,FALSE
"breeder","sire","5173",24,8,0,FALSE
"breeder","sire","5223",1,1,0,FALSE
"breeder","sire","5287",1,1,0,FALSE
"breeder","sire","5291",2,1,0,FALSE
"breeder","sire","5294",68,19,5,TRUE
"breeder","sire","5309",2,2,0,FALSE
"breeder","sire","5317",111,11,0,FALSE
"breeder","sire","5318",66,15,3,TRUE
"breeder","sire","5328",9,7,2,TRUE
"breeder","sire","5338",1,1,0,FALSE
"breeder","sire","5825",1,1,0,FALSE
"breeder","sire","5834",6,5,0,FALSE
"breeder","sire","5879",1,1,0,FALSE
"breeder","sire","6387",37,8,3,TRUE
"breeder","sire","6752",37,11,4,TRUE
"breeder","sire","6907",1,1,0,FALSE
"breeder","sire","6969",1,1,0,FALSE
"breeder","sire","7182",17,4,0,FALSE
"breeder","sire","7240",1,1,0,FALSE
"breeder","sire","7251",1,1,1,FALSE
"breeder","sire","7267",1,1,0,FALSE
"breeder","sire","7269",2,2,0,FALSE
"breeder","sire","7273",3,3,1,TRUE
"breeder","sire","7276",126,5,0,FALSE
"breeder","sire","7293",3,1,0,FALSE
"breeder","sire","7295",3,2,0,FALSE
"breeder","sire","7300",181,11,2,TRUE
"breeder","sire","7529",145,24,10,TRUE
"breeder","sire","7548",2,2,0,FALSE
"breeder","sire","7567",1,1,1,TRUE
"breeder","sire","7576",55,26,4,TRUE
"breeder","sire","7709",130,34,16,TRUE
"breeder","sire","7751",1,1,0,FALSE
"breeder","sire","7756",2,2,0,FALSE
"breeder","sire","7792",4,3,0,FALSE
"breeder","sire","7847",881,68,22,TRUE
"breeder","sire","8006",5,2,2,TRUE
"breeder","sire","8018",1,1,0,FALSE
"breeder","sire","8031",71,9,0,FALSE
"breeder","sire","8035",3,2,0,FALSE
"breeder","sire","8057",5,2,2,TRUE
"breeder","sire","8059",3,2,0,FALSE
"breeder","sire","8065",1,1,0,FALSE
"breeder","sire","81",3,1,1,TRUE
"breeder","sire","8147",1,1,0,FALSE
"breeder","sire","8167",1,1,0,FALSE
"breeder","sire","8169",1,1,0,FALSE
"breeder","sire","819",1,1,0,FALSE
"breeder","sire","8295",3,1,0,FALSE
"breeder","sire","8367",2,1,0,FALSE
"breeder","sire","8411",1,1,1,TRUE
"breeder","sire","8608",1,1,1,TRUE
"breeder","sire","8765",1,1,0,FALSE
"breeder","sire","8783",1,1,0,FALSE
"breeder","sire","885",1,1,0,FALSE
"breeder","sire","8906",1,1,0,FALSE
"breeder","sire","90",40,18,3,TRUE
"breeder","sire","9051",18,4,0,FALSE
"breeder","sire","9279",4,4,0,FALSE
"breeder","sire","9283",1,1,0,FALSE
"breeder","sire","9317",2,2,0,FALSE
"breeder","sire","9568",2,2,2,TRUE
"breeder","sire","9592",2,2,0,FALSE
"breeder","sire","9883",1,1,0,FALSE
"breeder","sire","9908",1,1,0,FALSE
"breeder","sire","9918",1,1,0,FALSE
"breeder","sire","9933",1,1,0,FALSE
"breeder","mgs","106",173,19,9,TRUE
"breeder","mgs","10743",3,2,0,FALSE
"breeder","mgs","114",5,3,1,TRUE
"breeder","mgs","118",2,1,1,TRUE
"breeder","mgs","1202",1,1,0,FALSE
"breeder","mgs","1345",136,25,6,TRUE
"breeder","mgs","1368",132,25,9,TRUE
"breeder","mgs","1370",3,2,0,FALSE
"breeder","mgs","1371",4,2,0,FALSE
"breeder","mgs","1372",5,4,3,TRUE
"breeder","mgs","1376",87,23,4,TRUE
"breeder","mgs","1378",109,27,8,TRUE
"breeder","mgs","1383",4,4,1,FALSE
"breeder","mgs","1385",96,15,7,TRUE
"breeder","mgs","1387",31,5,2,TRUE
"breeder","mgs","1388",144,18,6,TRUE
"breeder","mgs","139",1193,239,52,TRUE
"breeder","mgs","1392",86,21,2,TRUE
"breeder","mgs","1397",1,1,0,FALSE
"breeder","mgs","1400",1,1,0,FALSE
"breeder","mgs","1403",1,1,0,FALSE
"breeder","mgs","1404",1,1,0,FALSE
"breeder","mgs","1406",5,5,3,TRUE
"breeder","mgs","1409",1,1,1,TRUE
"breeder","mgs","1414",132,37,4,TRUE
"breeder","mgs","1420",2,1,1,TRUE
"breeder","mgs","1423",3,2,1,TRUE
"breeder","mgs","1427",3,3,1,FALSE
"breeder","mgs","1440",44,22,6,TRUE
"breeder","mgs","1445",292,77,61,TRUE
"breeder","mgs","1449",1,1,0,FALSE
"breeder","mgs","1463",291,105,68,TRUE
"breeder","mgs","1467",2,2,0,FALSE
"breeder","mgs","1470",11,6,0,FALSE
"breeder","mgs","148",2,2,1,TRUE
"breeder","mgs","150",123,16,3,TRUE
"breeder","mgs","151",1,1,0,FALSE
"breeder","mgs","1527",127,38,9,TRUE
"breeder","mgs","154",2,2,1,TRUE
"breeder","mgs","1701",2,1,1,TRUE
"breeder","mgs","1702",66,13,5,TRUE
"breeder","mgs","1705",1,1,0,FALSE
"breeder","mgs","1717",71,17,15,TRUE
"breeder","mgs","1718",88,23,16,TRUE
"breeder","mgs","1719",2,2,0,FALSE
"breeder","mgs","1755",205,84,61,TRUE
"breeder","mgs","1756",6,5,3,TRUE
"breeder","mgs","1762",1,1,0,FALSE
"breeder","mgs","3031",686,123,58,TRUE
"breeder","mgs","3170",205,18,4,TRUE
"breeder","mgs","3214",1,1,0,FALSE
"breeder","mgs","3585",19,7,0,FALSE
"breeder","mgs","379",4,4,0,FALSE
"breeder","mgs","396",1,1,0,FALSE
"breeder","mgs","413",38,19,6,TRUE
"breeder","mgs","44",8,5,0,FALSE
"breeder","mgs","47",22,5,0,FALSE
"breeder","mgs","479",1,1,1,FALSE
"breeder","mgs","5007",4,4,0,FALSE
"breeder","mgs","5023",1,1,0,FALSE
"breeder","mgs","5124",5,4,1,TRUE
"breeder","mgs","5173",24,10,1,TRUE
"breeder","mgs","5223",1,1,0,FALSE
"breeder","mgs","5287",1,1,0,FALSE
"breeder","mgs","5291",2,1,0,FALSE
"breeder","mgs","5294",67,26,7,TRUE
"breeder","mgs","5309",2,2,0,FALSE
"breeder","mgs","5317",111,22,5,TRUE
"breeder","mgs","5318",66,17,3,TRUE
"breeder","mgs","5328",9,6,4,TRUE
"breeder","mgs","5338",1,1,0,FALSE
"breeder","mgs","5825",1,1,0,FALSE
"breeder","mgs","5834",6,4,0,FALSE
"breeder","mgs","5879",1,1,0,FALSE
"breeder","mgs","6387",9,4,0,FALSE
"breeder","mgs","6752",1,1,1,TRUE
"breeder","mgs","6969",1,1,0,FALSE
"breeder","mgs","7182",17,3,0,FALSE
"breeder","mgs","7240",1,1,0,FALSE
"breeder","mgs","7251",1,1,1,FALSE
"breeder","mgs","7267",1,1,1,TRUE
"breeder","mgs","7269",2,2,0,FALSE
"breeder","mgs","7273",3,3,1,TRUE
"breeder","mgs","7276",114,6,0,FALSE
"breeder","mgs","7293",3,2,0,FALSE
"breeder","mgs","7295",3,3,2,TRUE
"breeder","mgs","7300",142,11,1,TRUE
"breeder","mgs","7529",73,17,6,TRUE
"breeder","mgs","7548",2,2,0,FALSE
"breeder","mgs","7567",1,1,0,FALSE
"breeder","mgs","7576",54,25,10,TRUE
"breeder","mgs","7709",128,26,14,TRUE
"breeder","mgs","7751",1,1,0,FALSE
"breeder","mgs","7756",2,2,0,FALSE
"breeder","mgs","7792",4,4,0,FALSE
"breeder","mgs","7847",366,43,23,TRUE
"breeder","mgs","8006",5,4,3,TRUE
"breeder","mgs","8018",1,1,0,FALSE
"breeder","mgs","8031",70,31,5,TRUE
"breeder","mgs","8035",3,2,0,FALSE
"breeder","mgs","8057",5,4,3,TRUE
"breeder","mgs","8059",3,3,0,FALSE
"breeder","mgs","8065",1,1,0,FALSE
"breeder","mgs","81",3,1,1,TRUE
"breeder","mgs","8147",1,1,0,FALSE
"breeder","mgs","8167",1,1,0,FALSE
"breeder","mgs","8169",1,1,0,FALSE
"breeder","mgs","819",1,1,0,FALSE
"breeder","mgs","8295",3,3,1,TRUE
"breeder","mgs","8367",2,1,0,FALSE
"breeder","mgs","8411",1,1,0,FALSE
"breeder","mgs","8608",1,1,1,TRUE
"breeder","mgs","8765",1,1,0,FALSE
"breeder","mgs","8783",1,1,0,FALSE
"breeder","mgs","885",1,1,0,FALSE
"breeder","mgs","8906",1,1,0,FALSE
"breeder","mgs","90",40,19,2,TRUE
"breeder","mgs","9051",8,2,0,FALSE
"breeder","mgs","9279",4,4,0,FALSE
"breeder","mgs","9283",1,1,0,FALSE
"breeder","mgs","9317",2,2,0,FALSE
"breeder","mgs","9568",2,2,0,FALSE
"breeder","mgs","9592",2,2,0,FALSE
"breeder","mgs","9883",1,1,0,FALSE
"breeder","mgs","9908",1,1,0,FALSE
"breeder","mgs","9918",1,1,0,FALSE
"breeder","mgs","9933",1,1,0,FALSE
