"trait","term","NumDF","F_inc","resid_df","p_value","sig"
"methane","SEX",1,3.68,14418,0.0550885767052025,""
"methane","TX",1,4.23,14418,0.0397333934177282,"*"
"methane","BR",1,0.3,14418,0.583890899484277,""
"methane","SU",1,6.07,14418,0.0137612831164881,"*"
"methane","CL",1,11.61,14418,0.000657773756537961,"***"
"methane","CV",1,2.29,14418,0.130231841801046,""
"methane","LY",1,0.68,14418,0.409600365936125,""
"methane","UN",1,36.28,14418,1.75064938461859e-09,"***"
"methane","het",1,4.65,14418,0.0310700307072088,"*"
"methane","rec",1,0.01,14418,0.920345715786395,""
"methane","REARING_RANK",1,97.08,14418,7.8606983255458e-23,"***"
"methane","BIRTH_RANK",1,12.65,14418,0.000376769852276961,"***"
"methane","ewe_birth_rank",1,96.18,14418,1.23470089050867e-22,"***"
"methane","ewe_rearing_rank",1,8.59,14418,0.003385444883081,"**"
"methane","age_in_weeks",1,5.35,14418,0.0207362740979093,"*"
"methane","dam_parity_group_num",1,1.46,14418,0.226949938005569,""
"co2","SEX",1,2.41,14418,0.120584314740265,""
"co2","TX",1,21.15,14418,4.28313392765853e-06,"***"
"co2","BR",1,1.98,14418,0.15941196262576,""
"co2","SU",1,2.78,14418,0.0954698864127603,""
"co2","CL",1,0.97,14418,0.324696705625894,""
"co2","CV",1,0.06,14418,0.806499426478327,""
"co2","LY",1,0.21,14418,0.646774310611022,""
"co2","UN",1,42.84,14418,6.14120711108185e-11,"***"
"co2","het",1,3.63,14418,0.056766689928407,""
"co2","rec",1,1.02,14418,0.312535957548556,""
"co2","REARING_RANK",1,70.99,14418,3.92670967825932e-17,"***"
"co2","BIRTH_RANK",1,3.25,14418,0.0714443304964963,""
"co2","ewe_birth_rank",1,39.59,14418,3.22335351904723e-10,"***"
"co2","ewe_rearing_rank",1,3.25,14418,0.0714443304964963,""
"co2","age_in_weeks",1,7.17,14418,0.00742167440782618,"**"
"co2","dam_parity_group_num",1,0.65,14418,0.420125976854336,""
"mbw","SEX",1,20.18,14418,7.10338412054594e-06,"***"
"mbw","TX",1,31.53,14418,2.00007775056183e-08,"***"
"mbw","BR",1,1.25,14418,0.263571105467439,""
"mbw","SU",1,57.26,14418,4.04914578776097e-14,"***"
"mbw","CL",1,12.95,14418,0.000320993263678127,"***"
"mbw","CV",1,7.31,14418,0.00686523356160325,"**"
"mbw","LY",1,2.84,14418,0.091965854302089,""
"mbw","UN",1,289.07,14418,3.34553894256097e-64,"***"
"mbw","het",1,0.42,14418,0.516947364290563,""
"mbw","rec",1,11.6,14418,0.000661317201439589,"***"
"mbw","REARING_RANK",1,361.43,14418,1.29166786025783e-79,"***"
"mbw","BIRTH_RANK",1,25.22,14418,5.17601160286261e-07,"***"
"mbw","ewe_birth_rank",1,56.63,14418,5.57112804685617e-14,"***"
"mbw","ewe_rearing_rank",1,38.37,14418,6.01147321006705e-10,"***"
"mbw","age_in_weeks",1,921.45,14418,2.9937395713799e-196,"***"
"mbw","dam_parity_group_num",1,4.57,14418,0.0325533322543563,"*"
"adg","SEX",1,70.33,3941,6.90113877816662e-17,"***"
"adg","TX",1,0.39,3941,0.532335552220222,""
"adg","BR",1,0.3,3941,0.583913438899932,""
"adg","SU",1,0.01,3941,0.920349411836017,""
"adg","CL",1,8.61,3941,0.00336252070885638,"**"
"adg","CV",1,0.83,3941,0.36232824832656,""
"adg","LY",1,0.05,3941,0.823074863567232,""
"adg","UN",1,27.31,3941,1.82289681284091e-07,"***"
"adg","het",1,32.02,3941,1.63442588899791e-08,"***"
"adg","rec",1,8.16,3941,0.00430485806299136,"**"
"adg","REARING_RANK",1,0.49,3941,0.483968622028928,""
"adg","BIRTH_RANK",1,5.25,3941,0.0219992959776263,"*"
"adg","age_in_weeks",1,50.21,3941,1.62899987034073e-12,"***"
"adg","dam_parity_group_num",1,1.3,3941,0.254282510691803,""
"muscle","SEX",1,133.43,693,2.37884999830242e-28,"***"
"muscle","TX",1,430.42,693,9.77128436264169e-75,"***"
"muscle","BR",1,222.59,693,7.43439149987039e-44,"***"
"muscle","SU",1,78.1,693,8.0070999097441e-18,"***"
"muscle","CL",1,191.67,693,1.16317448935497e-38,"***"
"muscle","CV",1,0.17,693,0.68023931992212,""
"muscle","LY",1,0.08,693,0.777381872605418,""
"muscle","UN",1,630.92,693,1.7007820672307e-99,"***"
"muscle","het",1,38.43,693,9.74429631163328e-10,"***"
"muscle","rec",1,13.74,693,0.000226696142870834,"***"
"muscle","REARING_RANK",1,17.53,693,3.19272261707343e-05,"***"
"muscle","BIRTH_RANK",1,3.32,693,0.0688727014559295,""
"muscle","age_in_weeks",1,175.62,693,6.84927091675841e-36,"***"
"muscle","dam_parity_group_num",1,2.99,693,0.0842254988661096,""
"rumen","SEX",1,6.5,693,0.011001696129603,"*"
"rumen","TX",1,0.19,693,0.663052361541397,""
"rumen","BR",1,21.09,693,5.20453154986316e-06,"***"
"rumen","SU",1,123.6,693,1.55164926809001e-26,"***"
"rumen","CL",1,11.03,693,0.000943512560706866,"***"
"rumen","CV",1,0.09,693,0.764267119308501,""
"rumen","LY",1,0.62,693,0.431316499031307,""
"rumen","UN",1,137.58,693,4.14117772899735e-29,"***"
"rumen","het",1,2.1,693,0.147751482916514,""
"rumen","rec",1,3.57,693,0.0592494988884324,""
"rumen","REARING_RANK",1,0.75,693,0.386775949869331,""
"rumen","BIRTH_RANK",1,0.69,693,0.406450462676488,""
"rumen","age_in_weeks",1,73.23,693,7.3985464982882e-17,"***"
"rumen","dam_parity_group_num",1,0.55,693,0.458568943320304,""
"weight","SEX",1,19.9,14418,8.22177222430856e-06,"***"
"weight","TX",1,26.97,14418,2.094501172089e-07,"***"
"weight","BR",1,1.86,14418,0.172646091266513,""
"weight","SU",1,52.53,14418,4.45243259724471e-13,"***"
"weight","CL",1,11.04,14418,0.000893887356969423,"***"
"weight","CV",1,6.27,14418,0.0122908716238207,"*"
"weight","LY",1,2.83,14418,0.092540013515778,""
"weight","UN",1,246.91,14418,3.51315868124151e-55,"***"
"weight","het",1,0.92,14418,0.337491056020031,""
"weight","rec",1,12.4,14418,0.000430660001876975,"***"
"weight","REARING_RANK",1,350.83,14418,2.31046802876133e-77,"***"
"weight","BIRTH_RANK",1,23.61,14418,1.19213337242337e-06,"***"
"weight","ewe_birth_rank",1,60.66,14418,7.24415987403894e-15,"***"
"weight","ewe_rearing_rank",1,39.25,14418,3.8345968323603e-10,"***"
"weight","age_in_weeks",1,955.18,14418,3.90896757384752e-203,"***"
"weight","dam_parity_group_num",1,6.74,14418,0.00943702486491893,"**"
