"pair","convergence","sigma_ide","sigma_pe_1","sigma_pe_2","sigma_res_1","sigma_res_c","sigma_res_2","sigma_ped_1","sigma_ped_c","sigma_ped_2","h2_1","h2_1_se","h2_2","h2_2_se","rg","rg_se","re","re_se","rp","rp_se","h2_1_check","h2_2_check","rg_check","re_check","rp_check","check_agree_rg","check_agree_rp"
"ch4adg_adg","CONVERGED",1663.52,1663.52,0.0014989,7612.93,-0.280251,0.000128287,1895.92,-1.04136,0.000875829,0.1697,0.0287,0.3499,0.0535,-0.8081,0.0775,-0.2836,0.0215,-0.2499,0.0189,0.169697208381033,0.349909469216337,-0.808129996246086,-0.283582827276718,-0.249918943821207,TRUE,TRUE
"ch4adg_ch4lw","UNKNOWN",31094.7,31094.7,0,119593,0.08636,0.0241323,70.4511,-0.00651061,2.57614e-05,NA,NA,NA,NA,NA,NA,NA,NA,NA,NA,0.000467312045723278,0.00106636867807613,-0.152824527318444,0.00160753484577826,0.00132312282383204,NA,NA
"ch4adg_ch4muscle","CONVERGED",1928.87,1928.87,0,7710.39,10.8125,0.0526665,1333,4.92895,0.0448461,NA,NA,NA,NA,NA,NA,NA,NA,NA,NA,0.121488189306487,0.459900566695996,0.637495314951016,0.536562996467098,0.481245100494913,NA,NA
"ch4adg_ch4rmtadg","UNKNOWN",31094.7,31094.7,1.5e-06,1856550,-1128.19,0.872602,185655,930.846,128.167,NA,NA,NA,NA,NA,NA,NA,NA,NA,NA,0.0895456648163312,0.993237707832851,0.190825497101713,-0.886381777051449,-0.0120651124599342,NA,NA
"ch4adg_ch4rmtmbw","CONVERGED",2040.42,2040.42,1.5084,8110.91,102.616,9.93333,1401.46,29.3678,2.64146,NA,NA,NA,NA,NA,NA,NA,NA,NA,NA,0.121309224871222,0.187561198847704,0.482679707902521,0.361520441509142,0.327210076488844,NA,NA
"ch4adg_ch4rmtmbwco2","CONVERGED",1970.82,1970.82,2.4754,7993.87,86.0459,9.57173,1388.58,24.7973,2.85362,NA,NA,NA,NA,NA,NA,NA,NA,NA,NA,0.122306612984629,0.191508481116722,0.393931648303176,0.311068776529718,0.269491150157833,NA,NA
"ch4adg_ch4rumen","UNKNOWN",31094.7,31094.7,1.58114e-05,4141.47,-5.83983,0.0257845,355.948,-0.445242,6094.39,NA,NA,NA,NA,NA,NA,NA,NA,NA,NA,0.0100007535376231,0.999995766565288,-0.000302299706149778,-0.565123786936702,-0.000426743878758747,NA,NA
"ch4mbw_ch4adg","CONVERGED",0.00276535,0.00276535,2052.49,0.0196335,3.35434,7671.06,0.00523057,0.77596,1229.66,NA,NA,NA,NA,NA,NA,NA,NA,NA,NA,0.189311610594794,0.11226480639009,0.305965389357901,0.273325737064609,0.237424212438818,NA,NA
"ch4mbw_ch4lw","UNKNOWN",0.00272633,0.00272633,0.000518125,0.0614296,-0.0936365,-0.0996445,283075000,73565000,39834500,NA,NA,NA,NA,NA,NA,NA,NA,NA,NA,0.999999999773361,1.00000000248846,0.692772749452347,NA,0.69277274935402,NA,NA
"ch4mbw_ch4muscle","CONVERGED",0.00166918,0.00166918,0,0.0199071,0.0298291,0.0473977,0.00610929,0.0121418,0.0283294,NA,NA,NA,NA,NA,NA,NA,NA,NA,NA,0.220666939492306,0.374098572373694,0.922930537846403,0.971085606770417,0.916633836244125,NA,NA
"ch4mbw_ch4ratio","CONVERGED",0.00103727,0.00103727,0,0.0200579,0.000277714,1.6765e-05,0.0066409,0.00011276,2.73738e-06,NA,NA,NA,NA,NA,NA,NA,NA,NA,NA,0.239431902212534,0.140361330258153,0.836323021841776,0.478909292563048,0.530916046625358,NA,NA
"ch4mbw_ch4rmtadg","UNKNOWN",0.000258642,0.000258642,1.58114e-05,0.183912,-0.0045232,74.5254,0.0305063,0.299201,8.106,NA,NA,NA,NA,NA,NA,NA,NA,NA,NA,0.142103291186251,0.0980982828431905,0.601679164495939,-0.00122176758804125,0.0699652067266562,NA,NA
"ch4mbw_ch4rmtmbw","UNKNOWN",0.000258642,0.000258642,1.59226,0.0187224,0.388611,9.59482,2390860000,-61770700,632167000,NA,NA,NA,NA,NA,NA,NA,NA,NA,NA,0.999999999992061,0.9999999823036,-0.0502446168930953,0.916887208402242,-0.0502446161322232,NA,NA
"ch4mbw_ch4rmtmbwco2","CONVERGED",0.000432979,0.000432979,1.19878,0.0201831,0.386966,9.91685,0.00724926,0.146104,3.82865,NA,NA,NA,NA,NA,NA,NA,NA,NA,NA,0.260153303715415,0.256195012406084,0.876985543952219,0.864951985937983,0.826065678910105,NA,NA
"ch4mbw_ch4rumen","CONVERGED",0.00273431,0.00273431,0.0694637,0.0196826,0.0499175,0.209223,0.00518663,0.0169182,0.0892291,NA,NA,NA,NA,NA,NA,NA,NA,NA,NA,0.187897276943464,0.242525871408621,0.786426726715519,0.777869746264855,0.663211259626135,NA,NA
"ch4muscle_ch4lw","UNKNOWN",NA,NA,NA,NA,NA,NA,NA,NA,NA,NA,NA,NA,NA,NA,NA,NA,NA,NA,NA,NA,NA,NA,NA,NA,NA,NA
"ch4muscle_ch4rmtadg","CONVERGED",0,0,0.349616,0.0497079,0.46736,6.13014,0.0221296,0.201048,2.11994,NA,NA,NA,NA,NA,NA,NA,NA,NA,NA,0.308050809117801,0.246513365123604,0.928220574301876,0.846649458846332,0.850402414440559,NA,NA
"ch4muscle_ch4rmtmbw","UNKNOWN",1e-06,1e-06,1.59226,13.4657,-5.7988,1427.1,0.00539731,0.0330734,0.986424,NA,NA,NA,NA,NA,NA,NA,NA,NA,NA,0.000400658496864611,0.00068996202506157,0.453271430797943,-0.0418308278781587,-0.0415463926543376,NA,NA
"ch4muscle_ch4rmtmbwco2","CONVERGED",0,0,2.23229,0.0668633,0.731408,9.64147,0.0383764,0.295375,3.02158,NA,NA,NA,NA,NA,NA,NA,NA,NA,NA,0.364657063826674,0.202854046970395,0.867410290236604,0.91094923519472,0.820094045331709,NA,NA
"ch4muscle_ch4rumen","UNKNOWN",0,0,0.0644965,0.0453721,0.0609914,0.19843,0.0381948,0.0537892,0.128187,NA,NA,NA,NA,NA,NA,NA,NA,NA,NA,0.457056561868395,0.327748850397647,0.768724943303956,0.642792048516383,0.634892126610013,NA,NA
"ch4muscle_muscle","UNKNOWN",0,0,0.262168,0.0452553,-0.0185958,0.577928,0.0383099,-0.0595327,0.416234,NA,NA,0.3313,5928.5937,NA,NA,NA,NA,NA,NA,0.458443227563627,0.331309448950515,-0.471445282326818,-0.114985552018926,-0.241126472405648,NA,NA
"ch4ratio_ch4adg","CONVERGED_PARAMS_UNSTABLE",5.0438e-11,5.0438e-11,2.01752e-13,1.76523e-05,-0.00403423,374867,1.20131e-06,0.215895,168896,NA,NA,NA,NA,NA,NA,NA,NA,NA,NA,0.0637176003010392,0.31060590735302,0.479297712428714,-0.00156827203927864,0.0661679804334701,NA,NA
"ch4ratio_ch4lw","UNKNOWN",NA,NA,NA,NA,NA,NA,NA,NA,NA,NA,NA,NA,NA,NA,NA,NA,NA,NA,NA,NA,NA,NA,NA,NA,NA,NA
"ch4ratio_ch4muscle","UNKNOWN",9e-09,9e-09,1.58114e-05,8.54074e-05,-5.2449e-05,0.00512692,1.31587e-05,0.000427925,0.0853389,NA,NA,NA,NA,NA,NA,NA,NA,NA,NA,0.133489085986218,0.943162702523951,0.403819834235799,-0.0792613000378356,0.125724048721739,NA,NA
"ch4ratio_ch4rmtadg","CONVERGED",2.01752e-13,2.01752e-13,2.01752e-13,1.70209e-05,0.00258553,5.85935,2.29816e-06,0.00142102,2.28621,NA,NA,NA,NA,NA,NA,NA,NA,NA,NA,0.118958167529888,0.280669469011332,0.61994334130789,0.258900924238135,0.319386897336146,NA,NA
"ch4ratio_ch4rmtmbw","UNKNOWN",0,0,0.151055,1.35391e-06,-0.00110275,0.922423,4.3221e-08,7.7283e-05,0.540002,NA,NA,NA,NA,NA,NA,NA,NA,NA,NA,0.0309355386144893,0.334681557874904,0.505869950917867,-0.986772656883052,-0.683000987185424,NA,NA
"ch4ratio_ch4rmtmbwco2","UNKNOWN",0,0,2.56623,1.77048e-05,0.00640717,8.46654,8.32227e-07,0.000358564,0.654343,NA,NA,NA,NA,NA,NA,NA,NA,NA,NA,0.0448953869463534,0.0559884207502743,0.485895696800585,0.523320505625769,0.459664809017131,NA,NA
"ch4ratio_ch4rumen","CONVERGED",3.18998e-12,3.18998e-12,2.01752e-13,1.72303e-05,0.00121927,0.28755,1.96318e-06,0.000156486,0.13192,NA,NA,NA,NA,NA,NA,NA,NA,NA,NA,0.102283675170794,0.314492097170087,0.307496451006691,0.547768157653691,0.484857440076181,NA,NA
"ch4ratio_co2","CONVERGED_PARAMS_UNSTABLE",9.14671e-07,9.14671e-07,22310.1,1.81229e-05,-0.306454,34371.7,6.39718e-07,0.0618709,6308.01,0.0325,0.006,0.1001,0.0142,0.974,0.0634,-0.3883,0.0086,-0.2197,0.0091,0.0325104743849623,0.100143340645098,0.973970855519467,-0.388285292884615,-0.219689178041623,TRUE,TRUE
"ch4ratio_co2_cg_het","MISSING",NA,NA,NA,NA,NA,NA,NA,NA,NA,NA,NA,NA,NA,NA,NA,NA,NA,NA,NA,NA,NA,NA,NA,NA,NA,NA
"ch4rmtadg_adg","CONVERGED",0,0,0.00164387,6.14393,5.39843e-16,0.000132669,2.47814,0.0172229,0.00068727,0.2874,0.0255,0.2789,0.0558,0.4173,0.0746,0,0,0.1182,0.0201,0.287418218594839,0.278946135840887,0.417330059861873,1.89086105517673e-14,0.118167212017601,TRUE,TRUE
"ch4rmtadg_ch4lw","UNKNOWN",9.48683e-08,9.48683e-08,0.000518125,1.2219,-0.020991,0.00197888,182747000,-649777,2004640,NA,NA,NA,NA,NA,NA,NA,NA,NA,NA,0.999999993313706,0.999999998754387,-0.0339485328833594,-0.426879762832874,-0.0339485338454261,NA,NA
"ch4rmtmbw_ch4lw","UNKNOWN",1.59226,1.59226,0.000518125,9.08156,0.12805,0.00246086,0.986424,0.0108011,0.000271549,NA,NA,NA,NA,NA,NA,NA,NA,NA,NA,0.0845972005388567,0.0835398122277755,0.659951572340022,0.856556274915569,0.713211190694884,NA,NA
"ch4rmtmbw_ch4rmtadg","UNKNOWN",1.59226,1.59226,1e-06,8.63485,-1.0826,0.494384,253009000,76271800,61142100,NA,NA,NA,NA,NA,NA,NA,NA,NA,NA,0.99999995957808,0.999999991914164,0.613233448522172,-0.523972410979191,0.613233424944663,NA,NA
"ch4rmtmbw_ch4rmtmbwco2","UNKNOWN",1.59226,1.59226,2.56623,8.24499,7.53673,8.40455,320706000,134125000,914580000,NA,NA,NA,NA,NA,NA,NA,NA,NA,NA,0.999999969326269,0.999999988004571,0.247653997437305,0.905379502353635,0.247654006069843,NA,NA
"ch4rmtmbw_mbw","CONVERGED",1.36307,1.36307,1.81899,9.96284,-2.37256e-13,0.958758,2.79,-0.705824,2.32569,0.1976,0.0193,0.4557,0.0261,-0.2771,0.0372,0,0,-0.0832,0.0112,0.197649319101638,0.455710444606165,-0.277088439696358,-7.67663913897345e-14,-0.0831592491921003,TRUE,TRUE
"ch4rmtmbw_mbw_cg_het","MISSING",NA,NA,NA,NA,NA,NA,NA,NA,NA,NA,NA,NA,NA,NA,NA,NA,NA,NA,NA,NA,NA,NA,NA,NA,NA,NA
"ch4rmtmbwco2_ch4lw","UNKNOWN",2.56623,2.56623,4.91537e-05,8.7952,0.116331,0.00241775,1135170000,12592700,1446050,NA,NA,NA,NA,NA,NA,NA,NA,NA,NA,0.999999989991429,0.99999999829404,0.310811264096366,0.797750170311422,0.310811265147127,NA,NA
"ch4rmtmbwco2_ch4rmtadg","UNKNOWN",2.56623,2.56623,9.48683e-08,7.76283,3.60193,5.43868,50255300,15808700,90284000,NA,NA,NA,NA,NA,NA,NA,NA,NA,NA,0.999999794468287,0.999999939760314,0.234692832778634,0.554342884565037,0.234692855064846,NA,NA
"ch4rmtmbwco2_co2","CONVERGED",0.988566,0.988566,8629.88,9.61726,-1.90995e-07,31424,4.88291,-294.046,30679.5,0.3153,0.0184,0.4337,0.0209,-0.7597,0.0259,0,0.0114,-0.2809,0.0104,0.315255550872583,0.433734398101717,-0.759716882473303,-3.47428616127462e-10,-0.280928035232623,TRUE,TRUE
"ch4rmtmbwco2_co2_cg_het","MISSING",NA,NA,NA,NA,NA,NA,NA,NA,NA,NA,NA,NA,NA,NA,NA,NA,NA,NA,NA,NA,NA,NA,NA,NA,NA,NA
"ch4rmtmbwco2_mbw","CONVERGED",2.53255,2.53255,1.90568,9.58427,0.102464,0.957689,2.77646,-0.264782,2.21129,0.1864,0.0196,0.4358,0.0264,-0.1069,0.0411,0.0338,0.0119,-0.0187,0.0114,0.186423675644317,0.435751446550399,-0.106861163079704,0.0338204620393161,-0.0186710212586051,TRUE,FALSE
"ch4rmtmbwco2_mbw_cg_het","MISSING",NA,NA,NA,NA,NA,NA,NA,NA,NA,NA,NA,NA,NA,NA,NA,NA,NA,NA,NA,NA,NA,NA,NA,NA,NA,NA
"ch4rumen_ch4lw","UNKNOWN",0,0,0.000518125,0.018089,-0.00403407,0.00293788,326386000,20520100,3968600,NA,NA,NA,NA,NA,NA,NA,NA,NA,NA,0.999999999944578,0.999999999129163,0.570157770982344,-0.553374476536449,0.570157770606199,NA,NA
"ch4rumen_ch4rmtadg","CONVERGED",0,0,0,0.279467,0.713681,6.16794,0.0832672,0.330814,2.44485,NA,NA,NA,NA,NA,NA,NA,NA,NA,NA,0.229554312772272,0.283862720442505,0.733197187952239,0.543586669944544,0.590935640582407,NA,NA
"ch4rumen_ch4rmtmbw","UNKNOWN",0,0,1.59226,0.192953,0.608819,9.64179,0.0193721,0.0621606,0.986424,NA,NA,NA,NA,NA,NA,NA,NA,NA,NA,0.0912379177026173,0.0807189639288951,0.449671156803712,0.446358280261843,0.416547586076083,NA,NA
"ch4rumen_ch4rmtmbwco2","CONVERGED",0.0871202,0.0871202,2.54712,0.22511,1.25616,9.58449,0.143503,0.41643,2.75918,NA,NA,NA,NA,NA,NA,NA,NA,NA,NA,0.314883796045581,0.18529440009563,0.661791983491917,0.855190881859171,0.642059524002791,NA,NA
"ch4rumen_rumen","CONVERGED",0,0,0.106132,0.248275,-0.265157,0.767974,0.142921,-0.0216275,0.167443,0.3653,0.105,0.1608,0.0945,-0.1398,0.2997,-0.6072,0.0831,-0.4493,0.0321,0.365343715170912,0.160763439838164,-0.139805674570223,-0.607244154570829,-0.449281585996522,TRUE,TRUE
"mbw_co2","CONVERGED",1.28044,1.28044,9628.72,0.970348,58.1128,31220.2,3.03833,249.794,30042.1,0.5744,0.0198,0.4238,0.0178,0.8268,0.0183,0.3339,0.0107,0.5028,0.009,0.574449274907461,0.42377863938197,0.826797943804477,0.333879845003977,0.502842572511863,TRUE,TRUE
"methane_adg","CONVERGED",1.01105,1.01105,0.00159283,10.7277,0.00392109,0.000133757,4.18649,0.0290681,0.000778682,0.2629,0.0203,0.3108,0.0563,0.5091,0.0728,0.1035,0.0296,0.1652,0.0202,0.262883950257579,0.310817720572122,0.509109907479371,0.10351308235038,0.165158708044715,TRUE,TRUE
"methane_adg_cg_het","MISSING",NA,NA,NA,NA,NA,NA,NA,NA,NA,NA,NA,NA,NA,NA,NA,NA,NA,NA,NA,NA,NA,NA,NA,NA,NA,NA
"methane_ch4adg","CONVERGED",1.19147,1.19147,2039.03,10.6998,103.959,8091.13,3.97092,27.61,1356.36,0.2503,0.0202,0.1181,0.0281,0.3762,0.0849,0.3533,0.0189,0.3082,0.0171,0.25033869850254,0.118082761358532,0.376212612360928,0.35332118130577,0.308232027812257,TRUE,TRUE
"methane_ch4adg_cg_het","MISSING",NA,NA,NA,NA,NA,NA,NA,NA,NA,NA,NA,NA,NA,NA,NA,NA,NA,NA,NA,NA,NA,NA,NA,NA,NA,NA
"methane_ch4lw","UNKNOWN",1.77883,1.77883,0.000777187,1097.98,-0.809255,0.00297052,330.061,2.25312,0.0678873,NA,NA,NA,NA,NA,NA,NA,NA,NA,NA,0.230840972460146,0.947683302383149,0.475984651630231,-0.448096896797636,0.142666917284984,NA,NA
"methane_ch4mbw","CONVERGED",0.574393,0.574393,0.00157833,10.8562,0.43942,0.0199704,4.53754,0.141532,0.00614136,0.2842,0.015,0.2218,0.014,0.8478,0.0152,0.9437,0.0013,0.8737,0.0026,0.284162212326263,0.221789094943353,0.847836545212437,0.943729476626472,0.873677189193371,TRUE,TRUE
"methane_ch4mbw_cg_het","MISSING",NA,NA,NA,NA,NA,NA,NA,NA,NA,NA,NA,NA,NA,NA,NA,NA,NA,NA,NA,NA,NA,NA,NA,NA,NA,NA
"methane_ch4mbw_cg_het_trial","MISSING",NA,NA,NA,NA,NA,NA,NA,NA,NA,NA,NA,NA,NA,NA,NA,NA,NA,NA,NA,NA,NA,NA,NA,NA,NA,NA
"methane_ch4muscle","CONVERGED",1.03149,1.03149,0,10.7712,0.810985,0.0710369,4.04271,0.333344,0.0380352,0.2551,0.0187,0.3487,0.0471,0.8501,0.0434,0.9271,0.0166,0.8704,0.0082,0.255134613200045,0.348716124471794,0.850087237296964,0.92712603349929,0.870447261377195,TRUE,TRUE
"methane_ch4muscle_cg_het","MISSING",NA,NA,NA,NA,NA,NA,NA,NA,NA,NA,NA,NA,NA,NA,NA,NA,NA,NA,NA,NA,NA,NA,NA,NA,NA,NA
"methane_ch4ratio","NOT_CONVERGED",2.75582,2.75582,5.38504e-05,10.9291,0.00595192,2.04663e-05,1.69195,0.00800543,9.55837e-05,0.11,0.0143,0.5626,0.0909,0.6295,0.0542,0.398,0.01,0.2731,0.0142,0.110032145683744,0.562586668424559,0.629504708839329,0.397965310422971,0.273068620996031,TRUE,TRUE
"methane_ch4ratio_cg_het","MISSING",NA,NA,NA,NA,NA,NA,NA,NA,NA,NA,NA,NA,NA,NA,NA,NA,NA,NA,NA,NA,NA,NA,NA,NA,NA,NA
"methane_ch4rmtadg","NOT_CONVERGED",0.0148277,0.0148277,0,10.9317,10.9207,10.9108,5.11705,5.03264,4.95459,0.3185,0.0129,0.3123,0.0129,0.9995,1e-04,1,0,0.9993,0,0.318549833391101,0.312289203101846,0.999498562691096,0.999950097222738,0.999321211321227,TRUE,TRUE
"methane_ch4rmtadg_cg_het","MISSING",NA,NA,NA,NA,NA,NA,NA,NA,NA,NA,NA,NA,NA,NA,NA,NA,NA,NA,NA,NA,NA,NA,NA,NA,NA,NA
"methane_ch4rmtmbw","CONVERGED",0.388634,0.388634,0.769521,10.8252,10.205,10.1569,4.88624,3.39221,3.18649,0.3035,0.0147,0.2258,0.0138,0.8597,0.013,0.9732,6e-04,0.902,0.0021,0.303491772770734,0.225785452767328,0.859684413476486,0.973227688770154,0.90204367891547,TRUE,TRUE
"methane_ch4rmtmbw_cg_het","MISSING",NA,NA,NA,NA,NA,NA,NA,NA,NA,NA,NA,NA,NA,NA,NA,NA,NA,NA,NA,NA,NA,NA,NA,NA,NA,NA
"methane_ch4rmtmbwco2","CONVERGED",0.230684,0.230684,1.49654,10.8722,8.98209,9.85965,4.93829,3.25454,3.55427,0.3079,0.0159,0.2384,0.015,0.7768,0.02,0.8675,0.0028,0.7912,0.004,0.307850909166623,0.238374268801901,0.776830217430289,0.867536860878502,0.791221778176292,TRUE,TRUE
"methane_ch4rmtmbwco2_cg_het","MISSING",NA,NA,NA,NA,NA,NA,NA,NA,NA,NA,NA,NA,NA,NA,NA,NA,NA,NA,NA,NA,NA,NA,NA,NA,NA,NA
"methane_ch4rumen","CONVERGED",1.18339,1.18339,0.0845364,10.7365,1.40888,0.263748,3.92,0.523724,0.115231,0.2475,0.0201,0.2486,0.0644,0.7792,0.0954,0.8372,0.0477,0.7132,0.0177,0.247476466061317,0.248602311810999,0.779246351014476,0.837236304945411,0.713238387525813,TRUE,TRUE
"methane_ch4rumen_cg_het","MISSING",NA,NA,NA,NA,NA,NA,NA,NA,NA,NA,NA,NA,NA,NA,NA,NA,NA,NA,NA,NA,NA,NA,NA,NA,NA,NA
"methane_co2","CONVERGED",1.02942,1.02942,15712.2,10.7212,196.109,31467.4,4.16246,165.351,20331,0.2616,0.0187,0.3012,0.0208,0.5684,0.0356,0.3376,0.0101,0.3487,0.0093,0.261574754855754,0.30115270787106,0.568397840208382,0.337633395147492,0.348736285394815,TRUE,TRUE
"methane_co2_cg_het","MISSING",NA,NA,NA,NA,NA,NA,NA,NA,NA,NA,NA,NA,NA,NA,NA,NA,NA,NA,NA,NA,NA,NA,NA,NA,NA,NA
"methane_co2_petrait","CONVERGED",1.02942,1.02942,15712.2,10.7212,196.109,31467.4,4.16246,165.351,20331,0.2616,0.0187,0.3012,0.0208,0.5684,0.0356,0.3376,0.0101,0.3487,0.0093,0.261574754855754,0.30115270787106,0.568397840208382,0.337633395147492,0.348736285394815,TRUE,TRUE
"methane_mbw","CONVERGED",0.721556,0.721556,1.70234,10.6799,0.826525,0.964843,4.74938,2.45639,2.45206,0.2941,0.018,0.479,0.0229,0.7198,0.0277,0.2575,0.0112,0.361,0.0099,0.294064034827671,0.478988787990724,0.719802440414431,0.25748034119903,0.361043276777075,TRUE,TRUE
"methane_mbw_cg_het","MISSING",NA,NA,NA,NA,NA,NA,NA,NA,NA,NA,NA,NA,NA,NA,NA,NA,NA,NA,NA,NA,NA,NA,NA,NA,NA,NA
"methane_muscle","CONVERGED",1.09264,1.09264,0.178747,10.7425,0.555892,0.594141,4.0261,0.605946,0.52872,0.2538,0.0205,0.4062,0.1167,0.4153,0.1218,0.22,0.0745,0.2557,0.0384,0.253832613339184,0.406205247662891,0.415316107196235,0.220035614968408,0.255703636174495,TRUE,TRUE
"methane_muscle_cg_het","MISSING",NA,NA,NA,NA,NA,NA,NA,NA,NA,NA,NA,NA,NA,NA,NA,NA,NA,NA,NA,NA,NA,NA,NA,NA,NA,NA
"methane_rumen","CONVERGED",1.13772,1.13772,0,10.7405,0.616578,0.829597,3.97129,0.683719,0.257136,0.2506,0.0204,0.2366,0.0913,0.6766,0.1553,0.2066,0.0574,0.3133,0.0368,0.250562320223149,0.236613777257155,0.676597526536233,0.206558080210389,0.313309247039022,TRUE,TRUE
"methane_rumen_cg_het","MISSING",NA,NA,NA,NA,NA,NA,NA,NA,NA,NA,NA,NA,NA,NA,NA,NA,NA,NA,NA,NA,NA,NA,NA,NA,NA,NA
"methane_weight","CONVERGED",0.759491,0.759491,25.2845,10.6897,3.15522,14.4053,4.66231,8.91971,33.7784,0.2894,0.0181,0.4598,0.023,0.7108,0.0286,0.2543,0.0112,0.351,0.0099,0.289377755679002,0.459768988487536,0.71077251271779,0.254264502954381,0.35096751496958,TRUE,TRUE
"methane_weight_cg_het","MISSING",NA,NA,NA,NA,NA,NA,NA,NA,NA,NA,NA,NA,NA,NA,NA,NA,NA,NA,NA,NA,NA,NA,NA,NA,NA,NA
"methane_weight_petrait","CONVERGED",0.759491,0.759491,25.2845,10.6897,3.15522,14.4053,4.66231,8.91971,33.7784,0.2894,0.0181,0.4598,0.023,0.7108,0.0286,0.2543,0.0112,0.351,0.0099,0.289377755679002,0.459768988487536,0.71077251271779,0.254264502954381,0.35096751496958,TRUE,TRUE
"young_old","CONVERGED",0,0,4.00575,NA,NA,NA,1.23722,1.87648,2.89891,0.1194,0.0137,0.1642,0.0269,0.9908,0.0892,NA,NA,NA,NA,NA,NA,0.990839035327941,NA,NA,TRUE,NA
