"V1","V2","V3","V4","V5","V6","V7","V8","V9","V10","V11","V12","V13","V14","V15"
0.0291243,0.00240116,0.000199877,0.497571,0.0426104,8.54454,-0.00658313,-0.00240862,-0.000272615,-0.362062,-0.0554301,-9.97538,-0.012026,-6.04629e-05,2.89645
0.00240116,0.00157149,0.000237734,0.109443,0.0338719,3.18015,-0.00181348,-0.00143236,-0.000540997,-0.105918,-0.0403976,-3.21506,-0.000267167,0.000164281,-0.25873
0.000199877,0.000237734,0.000287993,0.0148095,0.0173104,1.05872,-0.000235014,-0.000255798,-0.000212524,-0.0184804,-0.0204483,-1.66035,8.75435e-06,-0.000112942,0.200632
0.497571,0.109443,0.0148095,46.3767,5.14982,1516.81,-0.289196,-0.125935,-0.00967842,-32.0471,-6.15484,-1190.28,-0.0620862,-0.014634,-6.32924
0.0426104,0.0338719,0.0173104,5.14982,4.92797,531.641,-0.038905,-0.0384657,-0.0390293,-5.08431,-5.24791,-541.721,-0.00245908,0.0102793,-21.5132
8.54454,3.18015,1.05872,1516.81,531.641,270153,-7.95142,-4.20896,-2.3578,-1158.63,-579.368,-95186.5,1.1744,0.312439,-112093
-0.00658313,-0.00181348,-0.000235014,-0.289196,-0.038905,-7.95142,0.0969692,0.0178059,0.00328286,1.63704,0.405298,36.0433,-0.0461308,0.000664872,9.53713
-0.00240862,-0.00143236,-0.000255798,-0.125935,-0.0384657,-4.20896,0.0178059,0.0148003,0.00795744,1.02095,0.536275,37.2277,-0.000709027,-0.00149846,3.06323
-0.000272615,-0.000540997,-0.000212524,-0.00967842,-0.0390293,-2.3578,0.00328286,0.00795744,0.0188847,0.367817,0.735511,20.5957,0.000939426,-0.00816917,14.5958
-0.362062,-0.105918,-0.0184804,-32.0471,-5.08431,-1158.63,1.63704,1.02095,0.367817,171.376,60.1047,8159.9,0.0829029,0.0026079,-122.658
-0.0554301,-0.0403976,-0.0204483,-6.15484,-5.24791,-579.368,0.405298,0.536275,0.735511,60.1047,79.6782,8157.24,0.0350192,-0.137086,-795.628
-9.97538,-3.21506,-1.66035,-1190.28,-541.721,-95186.5,36.0433,37.2277,20.5957,8159.9,8157.24,2259440,11.2097,11.8463,-920629
-0.012026,-0.000267167,8.75435e-06,-0.0620862,-0.00245908,1.1744,-0.0461308,-0.000709027,0.000939426,0.0829029,0.0350192,11.2097,0.0584259,-0.000812173,-12.0166
-6.04629e-05,0.000164281,-0.000112942,-0.014634,0.0102793,0.312439,0.000664872,-0.00149846,-0.00816917,0.0026079,-0.137086,11.8463,-0.000812173,0.00708803,-13.0337
2.89645,-0.25873,0.200632,-6.32924,-21.5132,-112093,9.53713,3.06323,14.5958,-122.658,-795.628,-920629,-12.0166,-13.0337,1032460
