"id","block","type","i","j","est","se","component"
1,"Residual","V",1,1,10.6067,0.170663,"residual"
2,"Residual","C",2,1,0.817253,0.039634,"residual"
3,"Residual","V",2,2,0.97282,0.0169717,"residual"
4,"Residual","C",3,1,186.667,6.81018,"residual"
5,"Residual","C",3,2,58.4118,2.22014,"residual"
6,"Residual","V",3,3,31196.7,519.772,"residual"
7,"us(Trait).ped(ANI_ID)","V",1,1,4.41152,0.311328,"genetic"
8,"us(Trait).ped(ANI_ID)","C",2,1,2.54895,0.121668,"genetic"
9,"us(Trait).ped(ANI_ID)","V",2,2,3.07787,0.137405,"genetic"
10,"us(Trait).ped(ANI_ID)","C",3,1,203.924,13.0888,"genetic"
11,"us(Trait).ped(ANI_ID)","C",3,2,246.903,8.92636,"genetic"
12,"us(Trait).ped(ANI_ID)","V",3,3,28828.5,1503.05,"genetic"
13,"diag(Trait).ide(ANI_ID)","V",1,1,1.12587,0.241603,"permanent_env"
14,"diag(Trait).ide(ANI_ID)","V",2,2,1.23587,0.0841873,"permanent_env"
15,"diag(Trait).ide(ANI_ID)","V",3,3,10530,1016.41,"permanent_env"
NA,"derived","h2_1",NA,NA,0.2733,0.0172,"derived"
NA,"derived","h2_2",NA,NA,0.5822,0.0187,"derived"
NA,"derived","h2_3",NA,NA,0.4086,0.0171,"derived"
NA,"derived","rg12",NA,NA,0.6917,0.0272,"derived"
NA,"derived","rg13",NA,NA,0.5718,0.0312,"derived"
NA,"derived","rg23",NA,NA,0.8289,0.0183,"derived"
NA,"derived","re12",NA,NA,0.2544,0.0112,"derived"
NA,"derived","re13",NA,NA,0.3245,0.0101,"derived"
NA,"derived","re23",NA,NA,0.3353,0.0107,"derived"
NA,"derived","rp12",NA,NA,0.3644,0.0099,"derived"
NA,"derived","rp13",NA,NA,0.366,0.0093,"derived"
NA,"derived","rp23",NA,NA,0.4999,0.009,"derived"
